time,x1,x2,x3,v1,v2,v3
2451545,-0.1771350998034,0.88742852243546,0.38474289861126,-0.017207625066858,-0.0028981677276473,-0.0012563950525523
2451546,-0.19431426846437,0.88439241312345,0.38342669924967,-0.017149821036888,-0.0031738940779165,-0.0013759356874749
2451547,-0.21143296257774,0.88108106295447,0.38199116972229,-0.017086679257968,-0.0034486344300693,-0.0014950488759282
2451548,-0.22848585457289,0.87749550290201,0.38043675697456,-0.01701822040558,-0.0037222988952025,-0.0016136956467388
2451549,-0.24546763850976,0.87363685363671,0.37876394684001,-0.016944467063876,-0.0039947979741125,-0.0017318371976757
2451550,-0.26237303198276,0.8695063251179,0.37697326386311,-0.016865443715917,-0.0042660425949596,-0.0018494349117794
2451551,-0.27919677801436,0.86510521614746,0.37506527110589,-0.016781176732903,-0.0045359441506921,-0.0019664503735873
2451552,-0.29593364693747,0.86043491388642,0.37304056993836,-0.016691694362396,-0.004804414536202,-0.0020828453852426
2451553,-0.31257843826541,0.85549689333458,0.37089979981295,-0.016597026715537,-0.0050713661851863,-0.0021985819824751
2451554,-0.32912598254877,0.85029271677339,0.36864363802294,-0.016497205753285,-0.005336712106687,-0.0023136224504431
2451555,-0.34557114321789,0.84482403317253,0.36627279944519,-0.016392265271673,-0.0056003659212839,-0.0024279293394253
2451556,-0.36190881841019,0.83909257756034,0.36378803626727,-0.016282240886108,-0.0058622418969142,-0.0025414654803496
2451557,-0.37813394278127,0.83310017035879,0.36119013769905,-0.016167170014716,-0.0061222549842939,-0.0026541940001508
2451558,-0.39424148929893,0.82684871668316,0.35847992966917,-0.016047091860746,-0.0063803208519158,-0.0027660783369433
2451559,-0.41022647101912,0.8203402056069,0.3556582745063,-0.015922047394068,-0.0066363559206002,-0.002877082255001
2451560,-0.42608394284289,0.81357670939228,0.35272607060558,-0.015792079331749,-0.0068902773975746,-0.0029871698595323
2451561,-0.44180900325355,0.80656038268712,0.34968425208041,-0.015657232117753,-0.0071420033100576,-0.0030963056112406
2451562,-0.45739679603303,0.79929346168822,0.34653378839977,-0.015517551901764,-0.0073914525383271,-0.003204454340661
2451563,-0.47284251195667,0.79177826327199,0.34327568401127,-0.015373086517162,-0.0076385448482479,-0.0033115812622626
2451564,-0.48814139046553,0.78401718409286,0.33991097795032,-0.015223885458162,-0.0078832009232396,-0.003417651988308
2451565,-0.50328872131549,0.77601269964994,0.3364407434355,-0.015069999856142,-0.0081253423956617,-0.0035226325424609
2451566,-0.51827984620222,0.76776736332266,0.33286608745043,-0.014911482455177,-0.0083648918775987,-0.0036264893731325
2451567,-0.53311016036132,0.75928380537592,0.32918815031249,-0.014748387586807,-0.0086017729910227,-0.0037291893665589
2451568,-0.54777511414289,0.75056473193537,0.32540810522859,-0.014580771144053,-0.0088359103973179,-0.0038306998596012
2451569,-0.56227021455968,0.74161292393351,0.3215271578382,-0.014408690554701,-0.0090672298261464,-0.0039309886522605
2451570,-0.57659102680821,0.73243123602727,0.31754654574415,-0.014232204753898,-0.0092956581036404,-0.0040300240199007
2451571,-0.59073317576215,0.72302259548772,0.31346753803122,-0.01405137415605,-0.009521123179903,-0.0041277747251716
2451572,-0.60469234743726,0.71339000106264,0.30929143477305,-0.01386626062608,-0.009743554155803,-0.0042242100296255
2451573,-0.61846429042727,0.70353652181269,0.30501956652757,-0.013676927450046,-0.0099628813090482,-0.0043192997050221
2451574,-0.63204481731005,0.69346529592178,0.30065329382123,-0.013483439305159,-0.010179036119524,-0.0044130140443134
2451575,-0.64542980602357,0.6831795294826,0.29619400662249,-0.01328586222922,-0.010391951293886,-0.0045053238723059
2451576,-0.65861520121092,0.6726824952578,0.29164312380475,-0.013084263589499,-0.010601560789387,-0.0045962005559917
2451577,-0.67159701553406,0.66197753141788,0.28700209259917,-0.01287871205109,-0.010807799836939,-0.0046856160145467
2451578,-0.68437133095557,0.65106804025626,0.28227238803756,-0.012669277544767,-0.011010604963391,-0.0047735427289887
2451579,-0.69693429998807,0.63995748688256,0.27745551238593,-0.012456031234357,-0.011209914013013,-0.0048599537514925
2451580,-0.70928214691077,0.62864939789476,0.27255299456878,-0.012239045483671,-0.011405666168182,-0.004944822714359
2451581,-0.72141116895275,0.61714736003111,0.26756638958463,-0.012018393823017,-0.011597801969263,-0.0050281238386327
2451582,-0.73331773744255,0.60545501880251,0.26249727791312,-0.011794150915312,-0.011786263333667,-0.0051098319423673
2451583,-0.74499829892364,0.5935760771063,0.25734726491405,-0.011566392521832,-0.011970993574097,-0.0051899224485341
2451584,-0.7564493762356,0.58151429382216,0.2521179802186,-0.011335195467621,-0.012151937415962,-0.0052683713925729
2451585,-0.76766756956037,0.56927348239109,0.24681107711327,-0.011100637606594,-0.012329041013963,-0.005345155429583
2451586,-0.7786495574336,0.55685750937813,0.24142823191679,-0.010862797786349,-0.012502251967846,-0.0054202518411519
2451587,-0.78939209772062,0.54427029301981,0.23597114335033,-0.010621755812721,-0.012671519337311,-0.0054936385418223
2451588,-0.79989202855687,0.53151580175707,0.23044153190148,-0.010377592414119,-0.012836793656097,-0.0055652940851948
2451589,-0.81014626925253,0.51859805275455,0.2248411391823,-0.010130389205641,-0.012998026945211,-0.0056351976696669
2451590,-0.82015182116123,0.50552111040704,0.2191717272818,-0.0098802286530326,-0.013155172725333,-0.0057033291438086
2451591,-0.82990576851256,0.49228908483399,0.21343507811323,-0.0096271940364815,-0.013308186028368,-0.0057696690113742
2451592,-0.83940527920843,0.47890613036278,0.20763299275655,-0.0093713694142992,-0.013457023408177,-0.0058341984359505
2451593,-0.8486476055829,0.46537644400185,0.2017672907964,-0.0091128395865026,-0.013601642950455,-0.0058968992452443
2451594,-0.85763008512576,0.45170426390419,0.195839809656,-0.0088516900583257,-0.013742004281794,-0.0059577539350085
2451595,-0.86635014116936,0.43789386782228,0.18985240392732,-0.008588007003688,-0.013878068577909,-0.0060167456726095
2451596,-0.87480528353913,0.42394957155523,0.18380694469777,-0.008321877228643,-0.014009798571042,-0.0060738583002378
2451597,-0.88299310916738,0.40987572738884,0.17770531887398,-0.0080533881348325,-0.014137158556547,-0.0061290763377643
2451598,-0.89091130267062,0.39567672252959,0.17154942850279,-0.0077826276829726,-0.014260114398672,-0.0061823849852437
2451599,-0.89855763689043,0.38135697753312,0.16534119008999,-0.0075096843563924,-0.014378633535522,-0.0062337701250702
2451600,-0.90592997339789,0.36692094472831,0.15908253391705,-0.007234647124653,-0.014492684983236,-0.0062832183237865
2451601,-0.91302626296158,0.35237310663741,0.15277540335617,-0.006957605407267,-0.014602239339368,-0.0063307168335505
2451602,-0.91984454597955,0.33771797439329,0.14642175418414,-0.0066786490375426,-0.014707268785489,-0.0063762535932634
2451603,-0.92638295287501,0.32296008615448,0.14002355389509,-0.0063978682265749,-0.014807747089019,-0.006419817229364
2451604,-0.93263970445625,0.30810400551865,0.13358278101275,-0.0061153535274047,-0.014903649604292,-0.0064613970562913
2451605,-0.93861311224067,0.29315431993554,0.12710142440237,-0.0058311957993678,-0.014994953272875,-0.0065009830766227
2451606,-0.9443015787434,0.27811563911984,0.12058148258257,-0.0055454861726541,-0.015081636623146,-0.0065385659808902
2451607,-0.94970359773052,0.26299259346492,0.11402496303768,-0.005258316013097,-0.015163679769136,-0.0065741371470807
2451608,-0.95481775443716,0.24778983245803,0.10743388153065,-0.0049697768872124,-0.015241064408666,-0.0066076886398257
2451609,-0.95964272575086,0.23251202309775,0.10081026141691,-0.0046799605275068,-0.015313773820764,-0.0066392132092848
2451610,-0.96417728036029,0.21716384831436,0.094156132959547,-0.0043889587980715,-0.015381792862405,-0.0066687042897301
2451611,-0.96842027886981,0.20175000539382,0.087473532646027,-0.004096863660482,-0.015445107964563,-0.0066961559978352
2451612,-0.97237067387999,0.18627520440599,0.08076450250676,-0.0038037671400184,-0.015503707127597,-0.0067215631306763
2451613,-0.97602751003459,0.17074416663786,0.074031089435817,-0.0035097612922231,-0.015557579915993,-0.0067449211634515
2451614,-0.97938992403424,0.15516162303231,0.067275344514065,-0.0032149381698129,-0.015606717452464,-0.0067662262469228
2451615,-0.98245714461723,0.13953231263305,0.060499322334993,-0.0029193897899586,-0.015651112411425,-0.0067854752045891
2451616,-0.98522849250775,0.12386098103651,0.053705080333499,-0.002623208101948,-0.015690759011869,-0.0068026655295957
2451617,-0.98770338033202,0.10815237885101,0.046894678117899,-0.0023264849552447,-0.015725653009639,-0.0068177953813863
2451618,-0.98988131250264,0.092411260164043,0.040070176805403,-0.0020293120679569,-0.015755791689137,-0.0068308635821058
2451619,-0.99176188507167,0.07664238101808,0.033233638361317,-0.0017317809957279,-0.015781173854456,-0.0068418696127591
2451620,-0.99334478555279,0.060850497895558,0.026387124942202,-0.0014339831010596,-0.015801799819982,-0.006850813609133
2451621,-0.99462979271299,0.045040366213502,0.019532698243225,-0.0011360095230811,-0.01581767140045,-0.0068576963574893
2451622,-0.99561677633425,0.029216738828354,0.012672418849932,-0.00083795114777156,-0.0158287919005,-0.0068625192900341
2451623,-0.99630569694577,0.013384364551509,0.0058083455946627,-0.0005398985786479,-0.01583516610373,-0.0068652844801722
2451624,-0.99669660552696,-0.0024520133239746,-0.0010574650821947,-0.00024194210792561,-0.015836800261263,-0.0068659946375519
2451625,-0.99678964318198,-0.018287658484986,-0.0079229597658809,5.5828311838399e-05,-0.015833702079857,-0.0068646531029095
2451626,-0.99658504078606,-0.034117843047867,-0.014786088695694,0.00035332309561355,-0.015825880709562,-0.0068612638427172
2451627,-0.99608311860431,-0.049937848995349,-0.021644806387975,0.00065045305326682,-0.015813346730944,-0.006855831443646
2451628,-0.99528428588328,-0.065742969600505,-0.028497072253456,0.00094712941643102,-0.015796112141892,-0.0068483611068458
2451629,-0.99418904041601,-0.081528510837318,-0.035340851208813,0.0012432638648643,-0.015774190344032,-0.0068388586420541
2451630,-0.99279796808092,-0.097289792777454,-0.042174114282236,0.001538768552296,-0.015747596128751,-0.0068273304615372
2451631,-0.99111174235515,-0.11302215097289,-0.04899483921286,0.0018335561317537,-0.015716345662853,-0.0068137835738733
2451632,-0.9891311238028,-0.128720937824,-0.055801011043907,0.0021275397803683,-0.015680456473871,-0.0067982255775823
2451633,-0.98685695953865,-0.14438152393281,-0.062590622709382,0.0024206332236529,-0.015639947435037,-0.0067806646546116
2451634,-0.98429018266787,-0.15999929944106,-0.069361675614182,0.0027127507592541,-0.015594838749938,-0.0067611095636824
2451635,-0.98143181170219,-0.17556967535273,-0.076112180207493,0.0030038072801718,-0.015545151936864,-0.0067395696335057
2451636,-0.97828294995322,-0.19108808484082,-0.082840156549332,0.0032937182974465,-0.015490909812876,-0.0067160547558732
2451637,-0.97484478490323,-0.20654998453802,-0.089543634870126,0.0035823999623145,-0.015432136477595,-0.0066905753786302
2451638,-0.97111858755415,-0.2219508558111,-0.096220656123203,0.0038697690878275,-0.015368857296735,-0.0066631424985374
2451639,-0.96710571175512,-0.23728620601861,-0.1028692725301,0.0041557431699394,-0.015301098885403,-0.0066337676540285
2451640,-0.9628075935093,-0.25255156975188,-0.10948754811855,0.0044402404080589,-0.015228889091159,-0.0066024629178685
2451641,-0.95822575026036,-0.26774251005887,-0.11607355925316,0.0047231797250695,-0.015152256976879,-0.0065692408897218
2451642,-0.95336178015917,-0.28285461965087,-0.12262539515849,0.0050044807868185,-0.015071232803407,-0.0065341146886335
2451643,-0.9482173613114,-0.2978835220917,-0.12914115843469,0.0052840640210764,-0.014985848012035,-0.006497097945432
2451644,-0.94279425100625,-0.31282487296933,-0.13561896556542,0.0055618506359696,-0.014896135206809,-0.0064582047950583
2451645,-0.93709428492713,-0.32767436104973,-0.14205694741814,0.0058377626378883,-0.014802128136679,-0.0064174498688278
2451646,-0.93111937634469,-0.34242770941277,-0.14845324973653,0.0061117228488737,-0.01470386167751,-0.0063748482866313
2451647,-0.92487151529265,-0.3570806765701,-0.15480603362522,0.0063836549234875,-0.014601371813965,-0.0063304156490793
2451648,-0.91835276772705,-0.37162905756485,-0.16111347602649,0.0066534833651673,-0.014494695621267,-0.0062841680295975
2451649,-0.91156527466945,-0.386068685053,-0.16737377018915,0.0069211335420735,-0.014383871246869,-0.0062361219664762
2451650,-0.90451125133449,-0.40039543036643,-0.17358512612941,0.0071865317024307,-0.014268937892017,-0.0061862944548816
2451651,-0.89719298624233,-0.41460520455746,-0.17974577108373,0.0074496049893699,-0.014149935793251,-0.0061347029388325
2451652,-0.88961284031653,-0.42869395942486,-0.18585394995368,0.0077102814552758,-0.014026906203829,-0.0060813653031479
2451653,-0.88177324596788,-0.44265768852125,-0.19190792574266,0.007968490075646,-0.0138998913751,-0.0060262998653705
2451654,-0.8736767061645,-0.45649242814186,-0.19790597998462,0.0082241607624661,-0.013768934537826,-0.0059695253676712
2451655,-0.8653257934889,-0.47019425829462,-0.20384641316462,0.0084772243771096,-0.01363407988348,-0.0059110609687386
2451656,-0.8567231491823,-0.48375930365146,-0.20972754513126,0.0087276127427658,-0.013495372545513,-0.0058509262356583
2451657,-0.84787148217685,-0.49718373448095,-0.21554771550108,0.0089752586564056,-0.013352858580609,-0.0057891411357864
2451658,-0.838773568116,-0.51046376756215,-0.22130528405467,0.0092200959002889,-0.013206584949937,-0.0057257260286217
2451659,-0.82943224836368,-0.52359566707971,-0.22699863112485,0.0094620592530234,-0.013056599500411,-0.0056607016576796
2451660,-0.8198504290026,-0.53657574550027,-0.23262615797656,0.0097010845001806,-0.012902950945959,-0.0055940891423731
2451661,-0.81003107982214,-0.54940036443013,-0.23818628717872,0.0099371084444767,-0.01274568884882,-0.0055259099699035
2451662,-0.79997723329634,-0.56206593545416,-0.24367746296798,0.010170068915526,-0.01258486360087,-0.0054561859871644
2451663,-0.78969198355223,-0.5745689209562,-0.24909815160437,0.010399904779176,-0.01242052640499,-0.0053849393926638
2451664,-0.77917848532918,-0.58690583492071,-0.25444684171885,0.010626555946428,-0.012252729256479,-0.0053121927284661
2451665,-0.76843995292938,-0.59907324371592,-0.2597220446529,0.010849963381957,-0.012081524924522,-0.0052379688721572
2451666,-0.75747965916015,-0.61106776685851,-0.26492229479,0.011070069112235,-0.01190696693372,-0.0051622910288376
2451667,-0.74630093426816,-0.62288607775979,-0.27004614987917,0.011286816233265,-0.011729109545687,-0.0050851827231437
2451668,-0.73490716486625,-0.63452490445355,-0.27509219135049,0.01150014891794,-0.011548007740725,-0.0050066677913021
2451669,-0.723301792853,-0.64598103030563,-0.28005902462282,0.01171001242303,-0.011363717199573,-0.0049267703732187
2451670,-0.71148831432548,-0.65725129470524,-0.28494527940342,0.011916353095804,-0.011176294285248,-0.0048455149046043
2451671,-0.69947027848565,-0.66833259373821,-0.28974960997995,0.0121191183803,-0.010985796024973,-0.004762926109141
2451672,-0.68725128654055,-0.67922188084224,-0.29447069550445,0.012318256823254,-0.010792280092204,-0.0046790289906892
2451673,-0.67483499059678,-0.6899161674441,-0.29910724026971,0.012513718079687,-0.010595804788757,-0.0045938488255389
2451674,-0.66222509254958,-0.70041252357918,-0.3036579739778,0.012705452918163,-0.01039642902704,-0.0045074111547062
2451675,-0.64942534296679,-0.71070807849321,-0.30812165200097,0.012893413225737,-0.010194212312391,-0.0044197417762778
2451676,-0.63643953996799,-0.72080002122639,-0.31249705563493,0.013077552012577,-0.0099892147255375,-0.0043308667378037
2451677,-0.62327152809925,-0.73068560118009,-0.31678299234451,0.013257823416299,-0.0097814969051618,-0.0042408123287405
2451678,-0.60992519720357,-0.74036212866611,-0.32097829600184,0.013434182705998,-0.0095711200305932,-0.0041496050729468
2451679,-0.59640448128758,-0.74982697543876,-0.32508182711698,0.013606586285996,-0.0093581458046189,-0.0040572717212313
2451680,-0.58271335738447,-0.75907757520972,-0.32909247306122,0.013774991699315,-0.0091426364364207,-0.0039638392439546
2451681,-0.56885584441376,-0.76811142414601,-0.33300914828288,0.013939357630877,-0.0089246546246382,-0.0038693348236869
2451682,-0.55483600203784,-0.776926081351,-0.33683079451595,0.014099643910448,-0.0087042635405608,-0.0037737858479207
2451683,-0.54065792951578,-0.78551916932871,-0.34055638098135,0.014255811515326,-0.008481526811451,-0.0036772199018406
2451684,-0.52632576455454,-0.79388837443153,-0.34418490458105,0.01440782257279,-0.0082565085039985,-0.0035796647611499
2451685,-0.51184368215793,-0.8020314472914,-0.34771539008499,0.014555640362302,-0.0080292731079081,-0.0034811483849554
2451686,-0.49721589347332,-0.80994620323469,-0.35114689031099,0.014699229317495,-0.0077998855196217,-0.0033816989087098
2451687,-0.48244664463666,-0.81763052268082,-0.35447848629759,0.014838555027925,-0.0075684110261741,-0.0032813446372129
2451688,-0.46754021561569,-0.82508235152491,-0.35770928746988,0.014973584240627,-0.0073349152891849,-0.003180114037671
2451689,-0.45250091905184,-0.83229970150434,-0.36083843179852,0.015104284861446,-0.0070994643289847,-0.0030780357328149
2451690,-0.43733309910079,-0.83928065054963,-0.36386508595179,0.015230625956192,-0.006862124508877,-0.0029751384940767
2451691,-0.42204113027204,-0.84602334311956,-0.36678844544095,0.01535257775158,-0.0066229625195343,-0.002871451234825
2451692,-0.40662941626756,-0.85252599052084,-0.3696077347588,0.015470111636012,-0.0063820453635295,-0.0027670030036583
2451693,-0.39110238881985,-0.85878687121231,-0.37232220751157,0.015583200160157,-0.0061394403399998,-0.0026618229777561
2451694,-0.37546450652943,-0.86480433109386,-0.37493114654422,0.015691817037386,-0.005895215029444,-0.0025559404562881
2451695,-0.35972025370195,-0.8705767837803,-0.37743386405915,0.01579593714402,-0.005649437278651,-0.0024493848538795
2451696,-0.34387413918524,-0.87610271086014,-0.37982970172839,0.015895536519442,-0.0054021751857589,-0.002342185694134
2451697,-0.32793069520623,-0.88138066213951,-0.38211803079943,0.015990592366044,-0.0051534970854426,-0.0022343726032113
2451698,-0.31189447620802,-0.88640925587139,-0.38429825219449,0.016081083049041,-0.0049034715342282,-0.0021259753034609
2451699,-0.29577005768721,-0.8911871789701,-0.38636979660365,0.016166988096138,-0.0046521672959333,-0.0020170236071092
2451700,-0.27956203503165,-0.89571318721143,-0.3883321245715,0.016248288197068,-0.0043996533272302,-0.0019075474100005
2451701,-0.26327502235867,-0.8999861054183,-0.39018472657774,0.016324965203009,-0.0041459987633297,-0.001797576685391
2451702,-0.246913651354,-0.90400482763218,-0.39192712311143,0.016397002125869,-0.0038912729037845,-0.0016871414777928
2451703,-0.23048257011143,-0.90776831727038,-0.39355886473924,0.016464383137468,-0.0036355451984082,-0.00157627189687
2451704,-0.21398644197336,-0.91127560726936,-0.39507953216754,0.016527093568597,-0.0033788852333084,-0.0014649981113828
2451705,-0.19742994437235,-0.91452580021404,-0.39648873629854,0.01658511990798,-0.0031213627170303,-0.0013533503431805
2451706,-0.18081776767373,-0.91751806845336,-0.39778611828031,0.016638449801128,-0.0028630474668087,-0.0012413588612411
2451707,-0.16415461401944,-0.92025165420218,-0.39897134955104,0.016687072049108,-0.0026040093949255,-0.001129053975756
2451708,-0.14744519617313,-0.92272586962949,-0.40004413187723,0.016730976607204,-0.002344318495168,-0.0010164660322599
2451709,-0.13069423636665,-0.92494009693322,-0.40100419738619,0.0167701545835,-0.0020840448293873,-0.00090362540580277
2451710,-0.11390646514798,-0.92689378840164,-0.40185130859261,0.016804598237378,-0.001823258514152,-0.00079056249516349
2451711,-0.097086620230724,-0.92858646646141,-0.40258525841942,0.016834300977934,-0.001562029707493,-0.00067730771710342
2451712,-0.080239445345235,-0.93001772371243,-0.40320587021293,0.016859257362315,-0.0013004285957386,-0.0005638915006585
2451713,-0.063369689091404,-0.93118722294968,-0.40371299775228,0.016879463093984,-0.0010385253804334,-0.00045034428146814
2451714,-0.046482103793251,-0.93209469717184,-0.40410652525316,0.016894915020914,-0.00077639026533957,-0.00033669649613956
2451715,-0.029581444355348,-0.93273994957707,-0.40438636736605,0.016905611133716,-0.00051409344351525,-0.00022297857664577
2451716,-0.012672467121143,-0.93312285354589,-0.40455246916874,0.016911550563696,-0.00025170508446773,-0.00010922094475573
2451717,0.004240071266742,-0.93324335261123,-0.4046048061534,0.016912733580858,1.0704678623684e-05,4.545993505079e-06
2451718,0.021151415004175,-0.93310146041573,-0.40454338420803,0.016909161591836,0.00027306576161813,0.00011829185336525
2451719,0.038056810261097,-0.93269726065638,-0.40436823959252,0.016900837137775,0.00053530814206121,0.00023198627679099
2451720,0.05495150631494,-0.93203090701653,-0.40407943890912,0.016887763892155,0.00079736187177449,0.00034559893794425
2451721,0.071830756681856,-0.93110262308535,-0.40367707906758,0.01686994665855,0.0010591570893903,0.00045909954861719
2451722,0.088689820245671,-0.92991270226476,-0.40316128724476,0.016847391368351,0.001320624032836,0.00057245786364469
2451723,0.10552396238453,-0.92846150766395,-0.40253222083895,0.016820105078415,0.0015816930517718,0.00068564368629669
2451724,0.12232845609518,-0.92674947198137,-0.40179006741867,0.01678809596868,0.0018422946199855,0.00079862687365205
2451725,0.13909858311483,-0.9247770973745,-0.40093504466627,0.016751373339718,0.0021023593477494,0.00091137734195572
2451726,0.15582963504053,-0.92254495531717,-0.39996740031601,0.016709947610243,0.0023618179941423,0.0010238650719609
2451727,0.17251691444608,-0.9200536864446,-0.39888741208693,0.016663830314563,0.002620601479341,0.0011360601142583
2451728,0.18915573599628,-0.91730400038617,-0.39769538761036,0.016613034099992,0.0028786408968853,0.001247932594593
2451729,0.20574142755867,-0.91429667558592,-0.39639166435209,0.016557572724196,0.003135867525921,0.0013594527191731
2451730,0.22226933131249,-0.91103255911089,-0.39497660952924,0.016497461052505,0.0033922128434241,0.001470590779969
2451731,0.23873480485501,-0.9075125664471,-0.3934506200219,0.016432715055163,0.0036476085364099,0.0015813171600069
2451732,0.25513322230503,-0.90373768128348,-0.39181412227938,0.016363351804526,0.0039019865141331,0.0016916023386577
2451733,0.2714599754036,-0.89970895528348,-0.39006757222127,0.016289389472215,0.0041552789202792,0.0018014168969232
2451734,0.28771047461179,-0.89542750784459,-0.38821145513312,0.016210847326205,0.0044074181451547,0.0019107315227208
2451735,0.30388015020558,-0.89089452584559,-0.38624628555691,0.016127745727869,0.0046583368378771,0.0020195170161683
2451736,0.31996445336781,-0.88611126338168,-0.3841726071762,0.016040106128953,0.0049079679185703,0.0021277442948715
2451737,0.33595885727693,-0.88107904148731,-0.38199099269598,0.015947951068501,0.0051562445905674,0.0022353843992146
2451738,0.3518588581928,-0.87579924784694,-0.3797020437173,0.015851304169716,0.0054031003526268,0.0023424084976562
2451739,0.36765997653922,-0.87027333649344,-0.37730639060645,0.015750190136761,0.0056484690111623,0.0024487878920321
2451740,0.38335775798328,-0.86450282749435,-0.37480469235904,0.015644634751487,0.005892284692493,0.002554494022866
2451741,0.39894777451138,-0.85848930662581,-0.37219763645854,0.015534664870104,0.0061344818551151,0.0026594984746899
2451742,0.4144256255019,-0.85223442503427,-0.36948593872972,0.015420308419769,0.0063749953019994,0.0027637729813756
2451743,0.42978693879438,-0.84573989888583,-0.36667034318653,0.015301594395113,0.0066137601929176,0.0028672894314789
2451744,0.44502737175528,-0.83900750900326,-0.36375162187483,0.015178552854681,0.0068507120568004,0.0029700198735974
2451745,0.46014261234003,-0.83203910049067,-0.3607305747096,0.0150512149173,0.00708578680413,0.0030719365217433
2451746,0.47512838015149,-0.82483658234573,-0.35760802930686,0.014919612758353,0.007318920739371,0.0031730117607325
2451747,0.48998042749459,-0.81740192705947,-0.35438484081017,0.014783779605983,0.0075500505734414,0.0032732181515917
2451748,0.50469454042717,-0.80973717020354,-0.35106189171168,0.014643749737183,0.0077791134362264,0.0033725284369837
2451749,0.51926653980684,-0.80184441000502,-0.34764009166782,0.014499558473816,0.0080060468891382,0.0034709155466527
2451750,0.53369228233378,-0.79372580690853,-0.34412037730943,0.014351242178512,0.0082307889377238,0.0035683526028902
2451751,0.54796766158946,-0.78538358312583,-0.3405037120465,0.014198838250483,0.0084532780443225,0.0036648129260227
2451752,0.56208860907106,-0.77682002217263,-0.33679108586741,0.014042385121211,0.0086734531407761,0.0037602700399225
2451753,0.57605109522155,-0.76803746839276,-0.33298351513256,0.013881922250039,0.0088912536411934,0.0038546976775415
2451754,0.58985113045528,-0.75903832646944,-0.32908204236255,0.013717490119633,0.0091066194547707,0.0039480697864691
2451755,0.60348476617898,-0.74982506092379,-0.32508773602077,0.013549130231331,0.0093194909986693,0.0040403605345161
2451756,0.61694809580809,-0.74040019560041,-0.32100169029031,0.013376885100354,0.0095298092109532,0.0041315443153233
2451757,0.63023725577817,-0.73076631313997,-0.31682502484539,0.013200798250894,0.0097375155635868,0.0042215957539964
2451758,0.64334842655133,-0.72092605443879,-0.31255888461703,0.01302091421106,0.0099425520754936,0.0043104897127683
2451759,0.65627783361762,-0.71088211809529,-0.30820443955307,0.012837278507678,0.010144861325678,0.0043982012966875
2451760,0.66902174849103,-0.70063725984341,-0.30376288437253,0.012649937660943,0.010344386466412,0.0044847058593347
2451761,0.68157648970015,-0.69019429197261,-0.29923543831418,0.012458939178921,0.01054107123648,0.0045699790085669
2451762,0.69393842377323,-0.67955608273481,-0.29462334487939,0.012264331551882,0.010734859974496,0.004653996612289
2451763,0.70610396621746,-0.66872555573779,-0.28992787156919,0.01206616424647,0.010925697632279,0.0047367348042539
2451764,0.71806958249237,-0.65770568932535,-0.2851503096155,0.011864487699703,0.011113529788295,0.0048181699898899
2451765,0.72983178897711,-0.64649951594385,-0.28029197370656,0.011659353312785,0.011298302661164,0.0048982788521561
2451766,0.7413871539315,-0.6351101214953,-0.2753542017064,0.011450813444745,0.011479963123227,0.0049770383574259
2451767,0.75273229845059,-0.62354064467685,-0.27033835436853,0.011238921405869,0.011658458714181,0.0050544257613971
2451768,0.7638638974125,-0.61179427630655,-0.26524581504361,0.01102373145095,0.011833737654774,0.0051304186150293
2451769,0.77477868041953,-0.59987425863547,-0.26007798938126,0.010805298772318,0.012005748860558,0.0052049947705077
2451770,0.78547343273208,-0.58778388464596,-0.25483630502577,0.010583679492671,0.012174441955707,0.0052781323872324
2451771,0.7959449961954,-0.57552649733609,-0.24952221130593,0.010358930657677,0.012339767286888,0.0053498099378338
2451772,0.80619027015867,-0.56310548899025,-0.24413717891877,0.01013111022836,0.012501675937192,0.0054200062142111
2451773,0.81620621238656,-0.55052430043567,-0.23868269960727,0.0099002770732507,0.012660119740118,0.0054887003335951
2451774,0.82598983996264,-0.53778642028505,-0.23316028583197,0.0096664909602974,0.012815051293607,0.0055558717446334
2451775,0.83553823018468,-0.52489538416507,-0.2275714704365,0.0094298125485342,0.012966423974125,0.0056215002334963
2451776,0.84484852145147,-0.51185477393076,-0.22191780630703,0.0091903033794965,0.0131141919508,0.0056855659300038
2451777,0.85391791414091,-0.49866821686582,-0.21620086602552,0.0089480258683768,0.013258310199587,0.0057480493137702
2451778,0.86274367147911,-0.48533938486865,-0.21042224151682,0.0087030432949158,0.013398734517491,0.0058089312203669
2451779,0.87132312040033,-0.47187199362418,-0.20458354368971,0.0084554197940205,0.013535421536809,0.0058681928475004
2451780,0.8796536523973,-0.45826980176145,-0.19868640207156,0.0082052203461031,0.013668328739421,0.0059258157612047
2451781,0.88773272436177,-0.44453660999688,-0.19273246443701,0.0079525107671331,0.013797414471091,0.0059817819020451
2451782,0.895557859415,-0.43067626026318,-0.18672339643024,0.0076973576983973,0.013922637955808,0.0060360735913336
2451783,0.9031266477278,-0.41669263482401,-0.18066088118117,0.0074398285959593,0.01404395931014,0.006088673537351
2451784,0.91043674732993,-0.40258965537417,-0.17454661891537,0.0071799917198135,0.014161339557593,0.0061395648415763
2451785,0.91748588490848,-0.3883712821255,-0.1683823265577,0.0069179161227253,0.014274740642998,0.0061887310049191
2451786,0.92427185659492,-0.37404151287836,-0.16216973732983,0.0066536716387521,0.014384125446879,0.0062361559339535
2451787,0.93079252874052,-0.35960438207874,-0.15591060034142,0.0063873288714387,0.014489457799836,0.006281823947151
2451788,0.93704583867977,-0.34506395986101,-0.14960668017511,0.0061189591816797,0.014590702496911,0.0063257197811089
2451789,0.94302979548159,-0.3304243510763,-0.14325975646528,0.0058486346752441,0.014687825311936,0.0063678285967732
2451790,0.94874248068775,-0.31568969430654,-0.13687162347061,0.0055764281899547,0.014780793011866,0.0064081359856504
2451791,0.9541820490384,-0.30086416086417,-0.13044408964041,0.0053024132825173,0.014869573371079,0.0064466279760077
2451792,0.95934672918421,-0.28595195377761,-0.12397897717476,0.0050266642149929,0.014954135185637,0.0064832910390572
2451793,0.96423482438484,-0.27095730676245,-0.11747812157849,0.004749255940908,0.01503444828751,0.0065181120951209
2451794,0.96884471319325,-0.25588448317844,-0.110943371209,0.0044702640909976,0.015110483558738,0.0065510785197729
2451795,0.9731748501257,-0.24073777497238,-0.10437658681791,0.0041897649585745,0.015182212945545,0.0065821781499561
2451796,0.97722376631677,-0.22552150160691,-0.097779641086706,0.0039078354845208,0.015249609472375,0.0066113992900687
2451797,0.98099007015934,-0.21024000897528,-0.091154418156216,0.0036245532418962,0.015312647255852,0.0066387307180178
2451798,0.98447244792888,-0.19489766830224,-0.084502813150096,0.0033399964201584,0.01537130151866,0.0066641616912346
2451799,0.98766966439177,-0.1794988750311,-0.077826731692318,0.0030542438089915,0.015425548603319,0.0066876819526493
2451800,0.99058056339732,-0.16404804769701,-0.071128089418701,0.0027673747817373,0.015475365985862,0.0067092817366198
2451801,0.99320406845296,-0.14854962678668,-0.064408811482542,0.0024794692784262,0.015520732289395,0.0067289517748101
2451802,0.99553918328226,-0.13300807358458,-0.057670832054391,0.0021906077884045,0.015561627297531,0.0067466833020159
2451803,0.99758499236541,-0.11742786900576,-0.050916093816032,0.0019008713325525,0.015598031967689,0.00676246806193
2451804,0.99934066146168,-0.10181351241545,-0.044146547448728,0.0016103414450934,0.01562992844425,0.0067762983128452
2451805,1.0008054381135,-0.086169520435635,-0.037364151115799,0.0013191001549872,0.015657300071548,0.0067881668332892
2451806,1.0019786521317,-0.070500425738592,-0.030570869939599,0.0010272299669092,0.015680131406707,0.0067980669275863
2451807,1.0028597160617,-0.054810775827825,-0.02376867547297,0.00073481384180956,0.015698408232282,0.0068059924313414
2451808,1.0034481256295,-0.039105131806362,-0.016959545165256,0.00044193517705307,0.015712117568722,0.0068119377168418
2451809,1.0037434601684,-0.023388067132721,-0.010145461822954,0.0001486777861371,0.015721247686624,0.0068158976983703
2451810,1.0037453830246,-0.0076641663647203,-0.0033284130651017,-0.00014487412201329,0.015725788118776,0.0068178678374261
2451811,1.0034536419423,0.0080619761086335,0.0034896092265094,-0.00043863596417356,0.015725729671967,0.0068178441478464
2451812,1.0028680694269,0.023785757346961,0.010306609462189,-0.00073252280437171,0.015721064438568,0.0068158232008249
2451813,1.0019885830871,0.039502567149769,0.01712058890417,-0.0010264493758639,0.015711785807846,0.0068118021298211
2451814,1.0008151859544,0.055207789358903,0.02392954623128,-0.0013203301035333,0.015697888477032,0.0068057786353543
2451815,0.99934796678013,0.070896803171921,0.030731478108346,-0.0016140791267107,0.015679368462094,0.0067977509896778
2451816,0.99758710030943,0.086564984466104,0.03752437976022,-0.0019076103224162,0.015656223108231,0.0067877180413269
2451817,0.99553284753167,0.1022077071328,0.044306245550272,-0.0022008373290195,0.015628451100056,0.006775679219535
2451818,0.99318555590719,0.11782034442182,0.051075069563246,-0.0024936735703166,0.015596052471468,0.0067616345385122
2451819,0.99054565956964,0.13339827029547,0.057828846192313,-0.0027860322800203,0.015559028615186,0.0067455846015805
2451820,0.98761367950363,0.14893686079206,0.064565570730187,-0.0030778265266605,0.015517382291945,0.0067275306051598
2451821,0.98439022369729,0.16443149539834,0.071283239964156,-0.0033689692388912,0.015471117639331,0.0067074743425987
2451822,0.98087598726937,0.17987755843059,0.077979852774856,-0.0036593732311999,0.015420240180244,0.0066854182078438
2451823,0.97707175257034,0.19527044042406,0.084653410738636,-0.0039489512300132,0.015364756830976,0.0066613651989421
2451824,0.97297838925724,0.21060553953017,0.091301918733334,-0.0042376159001953,0.01530467590889,0.0066353189213705
2451825,0.96859685434185,0.22587826292133,0.097923385547304,-0.0045252798719314,0.015240007139687,0.0066072835911856
2451826,0.96392819221176,0.24108402820263,0.10451582449149,-0.0048118557679907,0.015170761664242,0.0065772640379887
2451827,0.958973534624,0.25621826483035,0.11107725401436,-0.0050972562313618,0.015096952045002,0.0065452657076994
2451828,0.95373410067086,0.27127641553649,0.11760569831956,-0.0053813939532527,0.015018592271927,0.0065112946651322
2451829,0.94821119671748,0.28625393775905,0.124099187986,-0.0056641817014471,0.01493569776797,0.0064753575963698
2451830,0.94240621631101,0.3011463050776,0.13055576059019,-0.0059455323490082,0.01484828539406,0.0064374618109274
2451831,0.93632064006081,0.31594900865351,0.13697346133072,-0.0062253589033214,0.014756373453603,0.006397615243702
2451832,0.92995603548945,0.33065755867448,0.14335034365449,-0.0065035745354651,0.014659981696469,0.0063558264567005
2451833,0.92331405685424,0.34526748580278,0.14968446988458,-0.0067800926098994,0.01455913132245,0.0063121046405415
2451834,0.91639644493884,0.35977434262666,0.15597391184955,-0.0070548267144618,0.014453844984191,0.0062664596157243
2451835,0.90920502681478,0.37417370511448,0.16221675151385,-0.0073276906906582,0.014344146789569,0.0062189018336602
2451836,0.90174171557251,0.38846117407086,0.16841108160911,-0.0075985986642366,0.014230062303504,0.0061694423774596
2451837,0.89400851002179,0.40263237659439,0.17455500626617,-0.007867465076031,0.014111618549203,0.0061180929624699
2451838,0.88600749436104,0.41668296753634,0.18064664164746,-0.0081342047130619,0.01398884400881,0.0060648659365593
2451839,0.87774083781552,0.43060863095961,0.18668411657956,-0.0083987327398801,0.013861768623466,0.0060097742801397
2451840,0.86921079424403,0.44440508159755,0.19266557318565,-0.0086609647301372,0.013730423792743,0.0059528316059254
2451841,0.86041970171393,0.45806806631181,0.19858916751756,-0.0089208166983707,0.013594842373469,0.005894052158421
2451842,0.85136998204429,0.47159336554881,0.20445307018722,-0.0091782051319847,0.013455058677909,0.0058334508131342
2451843,0.84206414031693,0.4849767947939,0.21025546699713,-0.0094330470234129,0.013311108471303,0.0057710430755093
2451844,0.83250476435528,0.49821420602292,0.21599455956965,-0.0096852599024444,0.013163028968753,0.0057068450795752
2451845,0.82269452417077,0.5113014891502,0.22166856597478,-0.0099347618686968,0.013010858831434,0.0056408735863054
2451846,0.81263617137671,0.52423457347243,0.22727572135618,-0.010181471624218,0.012854638162135,0.0055731459816843
2451847,0.80233253856953,0.53700942910778,0.2328142785551,-0.010425308506198,0.012694408500114,0.0055036802744763
2451848,0.79178653867725,0.54962206842953,0.23828250873188,-0.010666192519771,0.012530212815256,0.0054324950936934
2451849,0.78100116427504,0.56206854749345,0.24367870198483,-0.010904044370893,0.01236209550153,0.0053596096857589
2451850,0.76997948686805,0.57434496745832,0.24900116796611,-0.011138785499265,0.012190102369733,0.0052850439113612
2451851,0.75872465614106,0.58644747599884,0.25424823649423,-0.011370338111292,0.012014280639515,0.0052088182419976
2451852,0.74723989917541,0.59837226871021,0.2594182581631,-0.011598625213052,0.011834678930681,0.0051309537562023
2451853,0.73552851963277,0.61011559050359,0.26450960494695,-0.011823570643254,0.011651347253757,0.0050514721354577
2451854,0.72359389690605,0.62167373699183,0.26952067080116,-0.01204509910616,0.011464336999825,0.0049703956597855
2451855,0.71143948523744,0.63304305586464,0.27444987225844,-0.012263136204455,0.011273700929605,0.004887747203016
2451856,0.69906881280357,0.6442199482524,0.27929564902014,-0.012477608472043,0.011079493161798,0.0048035502277325
2451857,0.68648548076793,0.65520087007809,0.28405646454235,-0.012688443406733,0.010881769160672,0.0047178287798909
2451858,0.67369316230065,0.66598233339626,0.28873080661643,-0.012895569502812,0.010680585722898,0.004630607483111
2451859,0.66069560156584,0.67656090771855,0.29331718794369,-0.013098916283462,0.010476000963622,0.00454191153264
2451860,0.64749661267654,0.68693322132494,0.29781414670386,-0.013298414333011,0.010268074301784,0.0044517666889863
2451861,0.6341000786175,0.69709596255979,0.30222024711704,-0.01349399532899,0.010056866444672,0.0043601992712242
2451862,0.62050995013608,0.70704588111225,0.30653407999876,-0.013685592073963,0.0098424393717161,0.0042672361499673
2451863,0.6067302446014,0.7167797892799,0.31075426330791,-0.013873138527121,0.0096248563175224,0.0041729047400134
2451864,0.59276504483197,0.72629456321517,0.31487944268706,-0.014056569835603,0.0094041817541444,0.0040772329926585
2451865,0.57861849789229,0.7355871441536,0.31890829199499,-0.014235822365522,0.0091804813725983,0.0039802493876833
2451866,0.56429481385842,0.74465453962324,0.32283951383106,-0.014410833732675,0.0089538220636218,0.0038819829250106
2451867,0.54979826455314,0.75349382463444,0.32667184005102,-0.014581542832907,0.0087242718976797,0.0037824631160378
2451868,0.53513318225083,0.76210214284925,0.33040403227402,-0.014747889872108,0.0084919001042215,0.0036817199746437
2451869,0.5203039583526,0.77047670772977,0.33403488238047,-0.014909816395809,0.008256777050195,0.0035797840078736
2451870,0.50531504203205,0.77861480366455,0.33756321300038,-0.015067265318369,0.0080189742178216,0.003476686206304
2451871,0.49017093885201,0.78651378707245,0.34098787799201,-0.015220180951706,0.007778564181641,0.0033724580340902
2451872,0.4748762093528,0.79417108748322,0.34430776291026,-0.015368509033565,0.0075356205848302,0.0032671314187003
2451873,0.45943546761251,0.80158420859396,0.34752178546479,-0.01551219675529,0.0072902181148072,0.0031607387403377
2451874,0.44385337977969,0.80875072930086,0.35062889596729,-0.015651192789071,0.0070424324781273,0.0030533128210582
2451875,0.42813466257914,0.81566830470554,0.35362807776779,-0.015785447314653,0.0067923403746815,0.0029448869135835
2451876,0.41228408179123,0.82233466709515,0.35651834767961,-0.015914912045472,0.006540019471208,0.0028354946898177
2451877,0.39630645070534,0.82874762689573,0.35929875639265,-0.016039540254199,0.0062855483741284,0.0027251702290705
2451878,0.38020662854821,0.83490507359798,0.36196838887483,-0.016159286797665,0.0060290066017201,0.0026139480059926
2451879,0.36398951888747,0.84080497665501,0.36452636476124,-0.016274108141145,0.0057704745556379,0.0025018628782295
2451880,0.34766006801141,0.84644538635114,0.36697183873088,-0.016383962381984,0.0055100334917998,0.002388950073799
2451881,0.33122326328534,0.85182443464139,0.36930400087059,-0.016488809272522,0.00524776549065,0.0022752451781988
2451882,0.31468413148546,0.85694033596085,0.37152207702597,-0.016588610242324,0.0049837534268154,0.0021607841212516
2451883,0.2980477371108,0.86179138800349,0.37362532913903,-0.016683328419669,0.0047180809381711,0.0020456031636936
2451884,0.28131918067406,0.86637597246964,0.37561305557229,-0.016772928652292,0.0044508323943329,0.0019297388835147
2451885,0.26450359697217,0.87069255578182,0.37748459141912,-0.01685737752734,0.0041820928645934,0.0018132281620571
2451886,0.24760615333714,0.87473968976809,0.3792393088,-0.016936643390551,0.0039119480853199,0.0016961081698809
2451887,0.23063204786829,0.87851601231263,0.38087661714463,-0.017010696364602,0.0036404844268343,0.0015784163524057
2451888,0.21358650764645,0.88202024797296,0.38239596345948,-0.017079508366633,0.0033677888597941,0.0014601904153344
2451889,0.1964747869311,0.88525120856321,0.38379683258072,-0.017143053124913,0.0030939489210946,0.001341468309871
2451890,0.17930216534128,0.88820779370317,0.38507874741225,-0.017201306194638,0.0028190526793141,0.0012222882177392
2451891,0.16207394602108,0.89088899133245,0.38624126914861,-0.017254244972844,0.0025431886997236,0.0011026885360127
2451892,0.14479545379082,0.89329387818959,0.38728399748274,-0.017301848712411,0.002266446008883,0.00098270786176574
2451893,0.12747203328446,0.8954216202554,0.38820657079817,-0.01734409853515,0.0019889140588475,0.00086238497655555
2451894,0.11010904707464,0.89727147316046,0.38900866634571,-0.017380977443954,0.0017106826910065,0.00074175883074448
2451895,0.092711873785825,0.89884278255619,0.38969000040434,-0.017412470334006,0.0014318420995808,0.00062086852767438
2451896,0.075285906196847,0.90013498444934,0.39025032842623,-0.017438564003016,0.0011524827948006,0.00049975330770272
2451897,0.057836549333668,0.90114760549943,0.39068944516572,-0.017459247160493,0.00087269556579048,0.00037845253211164
2451898,0.040369218553346,0.90188026327898,0.39100718479215,-0.017474510436028,0.00059257144318751,0.00025700566690089
2451899,0.02288933762023,0.90233266649625,0.3912034209864,-0.017484346386579,0.00031220166151618,0.00013545226647588
2451900,0.0054023367753684,0.90250461518021,0.39127806702116,-0.017488749502754,3.1677621348518e-05,1.3831957242295e-05
2451901,-0.012086349199864,0.90239600082756,0.39123107582464,-0.017487716214083,-0.00024890914872515,-0.00010781557888138
2451902,-0.029571282924893,0.90200680651173,0.39106244002783,-0.017481244893259,-0.0005294670302875,-0.00022945062102154
2451903,-0.047047026364806,0.90133710695349,0.39077219199515,-0.017469335859365,-0.0008099043534206,-0.00035103342596566
2451904,-0.064508142777918,0.90038706855328,0.39036040383847,-0.017451991380051,-0.0010901294351397,-0.00047252424482526
2451905,-0.081949198665004,0.89915694938501,0.38982718741442,-0.017429215672689,-0.001370050617907,-0.00059388333973332
2451906,-0.099364765719157,0.89764709915134,0.38917269430502,-0.017401014904478,-0.0016495763081975,-0.00071507100056445
2451907,-0.11674942277524,0.89585795910035,0.38839711578157,-0.017367397191502,-0.0019286150150892,-0.00083604756166546
2451908,-0.13409775775784,0.8937900619037,0.38750068275184,-0.017328372596755,-0.0022070753888488,-0.00095677341858426
2451909,-0.15140436962681,0.89144403149608,0.38648366569046,-0.017283953127102,-0.0024848662594863,-0.0010772090447849
