time,body1x1,body1x2,body1x3,body1v1,body1v2,body1v3,body2x1,body2x2,body2x3,body2v1,body2v2,body2v3
2451545, -0.13723006082208308      , -0.40324074455133696      , -0.20141225082211953      ,   2.1371774140609895E-002 ,  -4.9330579272847163E-003 ,  -4.8504658610224799E-003, -0.72543875152346304      ,  -4.8921270399804068E-002 ,   2.3717689928343236E-002 ,   8.0349598584486819E-004 ,  -1.8498595670840820E-002 ,  -8.3727681782353840E-003
2451546,-0.11585828724536,-0.4081738021471,-0.2062627164709,0.021371773013623,-0.0049330572727043,-0.0048504654403421,-0.72463525549938,-0.067419866093129,0.015344921735713,0.0008034960622762,-0.018498595715234,-0.0083727682067656
2451547,-0.094486514792568,-0.41310685911345,-0.21111318171041,0.021371771893425,-0.0049330566682271,-0.0048504650424603,-0.72383175939906,-0.085918461829139,0.0069721535153276,0.00080349613824716,-0.018498595756229,-0.0083727682337496
2451548,-0.073114743454998,-0.41803991549971,-0.21596364656333,0.021371770783758,-0.004933056112219,-0.0048504646671027,-0.72302826322312,-0.10441705760449,-0.0014006147312764,0.00080349621350393,-0.018498595793937,-0.0083727682592061
2451549,-0.051742973220429,-0.42297297135341,-0.22081411105197,0.021371769687943,-0.0049330556027725,-0.0048504643138245,-0.72222476697237,-0.12291565341596,-0.0097733830025853,0.00080349628782124,-0.018498595828487,-0.0083727682831651
2451550,-0.030371204073524,-0.42790602672007,-0.22566457519814,0.021371768608876,-0.0049330551377707,-0.0048504639820393,-0.72142127064786,-0.14141424926046,-0.018146151297121,0.00080349636100266,-0.018498595860023,-0.0083727683056665
2451551,-0.0089994359962618,-0.43283908164302,-0.23051503902298,0.021371767549037,-0.0049330547149484,-0.0048504636710456,-0.7206177742508,-0.15991284513505,-0.026518919613448,0.0008034964328801,-0.018498595888699,-0.0083727683267579
2451552,0.012372331031657,-0.43777213616324,-0.2353655025469,0.021371766510502,-0.0049330543319456,-0.0048504633800531,-0.71981427778258,-0.17841144103696,-0.034891687950184,0.00080349650331274,-0.018498595914674,-0.0083727683464928
2451553,0.033744097032414,-0.44270519031938,-0.24021596578947,0.021371765494968,-0.0049330539863556,-0.0048504631082059,-0.71901078124469,-0.19691003696356,-0.043264456306001,0.00080349657218548,-0.018498595938112,-0.0083727683649292
2451554,0.055115862029712,-0.44763824414762,-0.24506642876939,0.021371764503779,-0.0049330536757654,-0.0048504628546038,-0.71820728463876,-0.21540863291239,-0.05163722467963,0.00080349663940711,-0.018498595959176,-0.0083727683821283
2451555,0.076487626048433,-0.45257129768178,-0.24991689150445,0.02137176353796,-0.0049330533977894,-0.0048504626183207,-0.71740378796645,-0.23390722888117,-0.060009993069866,0.00080349670490822,-0.018498595978028,-0.0083727683981529
2451556,0.097859389114336,-0.45750435095329,-0.2547673540115,0.021371762598243,-0.004933053150097,-0.00485046239842,-0.71660029122953,-0.25240582486776,-0.068382761475566,0.00080349676863908,-0.018498595994826,-0.0083727684130663
2451557,0.11923115125378,-0.46243740399131,-0.25961781630644,0.021371761685105,-0.0049330529304336,-0.0048504621939684,-0.71579679442978,-0.27090442087019,-0.076755529895649,0.00080349683056738,-0.018498596009723,-0.0083727684269321
2451558,0.14060291249349,-0.46737045682278,-0.26446827840428,0.021371760798795,-0.0049330527366367,-0.0048504620040459,-0.714993297569,-0.28940301688662,-0.085128298329101,0.00080349689067621,-0.018498596022866,-0.0083727684398125
2451559,0.16197467286033,-0.47230350947252,-0.26931874031908,0.021371759939367,-0.0049330525666475,-0.0048504618277552,-0.71418980064903,-0.30790161291538,-0.093501066774966,0.00080349694896192,-0.018498596034395,-0.0083727684517684
2451560,0.18334643238115,-0.47723656196336,-0.27416920206404,0.021371759106707,-0.0049330524185181,-0.0048504616642276,-0.71338630367168,-0.32640020895492,-0.10187383523235,0.00080349700543224,-0.018498596044441,-0.0083727684628587
2451561,0.20471819108259,-0.48216961431623,-0.27901966365151,0.02137175830056,-0.0049330522904156,-0.0048504615126282,-0.71258280663877,-0.34489880500381,-0.11024660370041,0.00080349706010454,-0.018498596053129,-0.00837276847314
2451562,0.22608994899098,-0.48710266655029,-0.28387012509301,0.02137175752055,-0.0049330521806239,-0.0048504613721592,-0.71177930955207,-0.36339740106076,-0.11861937217838,0.00080349711300417,-0.018498596060575,-0.0083727684826665
2451563,0.24746170613225,-0.49203571868305,-0.28872058639928,0.021371756766208,-0.0049330520875423,-0.0048504612420625,-0.71097581241334,-0.38189599712458,-0.12699214066551,0.00080349716416306,-0.018498596066888,-0.0083727684914896
2451564,0.26883346253177,-0.49696877073045,-0.29357104758035,0.021371756036985,-0.0049330520096838,-0.0048504611216201,-0.71017231522431,-0.40039459319419,-0.13536490916114,0.0008034972136184,-0.018498596072168,-0.0083727684996579
2451565,0.29020521821439,-0.50190182270703,-0.29842150864552,0.021371755332271,-0.004933051945671,-0.0048504610101554,-0.70936881798666,-0.41889318926861,-0.14373767766463,0.00080349726141154,-0.018498596076509,-0.0083727685072174
2451566,0.31157697320427,-0.50683487462598,-0.30327196960344,0.02137175465141,-0.0049330518942318,-0.0048504609070323,-0.70856532070202,-0.43739178534693,-0.15211044617539,0.00080349730758698,-0.018498596079998,-0.0083727685142111
2451567,0.33294872752493,-0.51176792649929,-0.30812243046216,0.021371753993712,-0.004933051854194,-0.0048504608116544,-0.70776182337201,-0.45589038142834,-0.16048321469287,0.00080349735219156,-0.018498596082713,-0.0083727685206795
2451568,0.35432048119917,-0.51670097833781,-0.31297289122914,0.021371753358462,-0.0049330518244801,-0.0048504607234644,-0.70695832599815,-0.47438897751212,-0.16885598321658,0.00080349739527367,-0.018498596084728,-0.0083727685266605
2451569,0.37569223424909,-0.52163403015136,-0.31782335191131,0.021371752744934,-0.0049330518041009,-0.0048504606419418,-0.70615482858195,-0.49288757359759,-0.17722875174604,0.00080349743688269,-0.01849859608611,-0.0083727685321893
2451570,0.39706398669604,-0.52656708194882,-0.32267381251509,0.021371752152392,-0.0049330517921505,-0.004850460566602,-0.70535133112486,-0.51138616968415,-0.18560152028082,0.00080349747706842,-0.018498596086921,-0.0083727685372988
2451571,0.41843573856063,-0.5315001337382,-0.32752427304643,0.021371751580102,-0.0049330517877998,-0.0048504604969942,-0.70454783362827,-0.52988476577126,-0.19397428882051,0.00080349751588069,-0.018498596087216,-0.0083727685420195
2451572,0.43980748986275,-0.5364331855267,-0.33237473351085,0.021371751027333,-0.0049330517902914,-0.0048504604326996,-0.70374433609354,-0.54838336185843,-0.20234705736474,0.00080349755336899,-0.018498596087047,-0.00837276854638
2451573,0.46117924062156,-0.54136623732083,-0.33722519391347,0.021371750493367,-0.0049330517989338,-0.0048504603733293,-0.70294083852196,-0.56688195794521,-0.21071982591316,0.00080349758958217,-0.018498596086461,-0.0083727685504064
2451574,0.48255099085551,-0.54629928912641,-0.34207565425903,0.021371749977495,-0.0049330518130966,-0.004850460318523,-0.70213734091478,-0.58538055403122,-0.21909259446545,0.00080349762456819,-0.0184985960855,-0.0083727685541233
2451575,0.50392274058235,-0.55123234094867,-0.34692611455192,0.021371749479026,-0.0049330518322054,-0.0048504602679466,-0.70133384327322,-0.6038791501161,-0.22746536302131,0.000803497658374,-0.018498596084204,-0.0083727685575534
2451576,0.52529448981914,-0.55616539279229,-0.35177657479623,0.021371748997284,-0.0049330518557373,-0.0048504602212908,-0.70053034559841,-0.62237774619953,-0.23583813158047,0.00080349769104532,-0.018498596082608,-0.0083727685607175
2451577,0.54666623858228,-0.56109844466146,-0.35662703499572,0.021371748531616,-0.0049330518832166,-0.0048504601782692,-0.69972684789149,-0.64087634228123,-0.24421090014266,0.00080349772262658,-0.018498596080745,-0.0083727685636352
2451578,0.56803798688752,-0.5660314965599,-0.36147749515389,0.021371748081386,-0.0049330519142106,-0.0048504601386168,-0.69892335015351,-0.65937493836094,-0.25258366870766,0.00080349775316083,-0.018498596078643,-0.0083727685663244
2451579,0.58940973474999,-0.57096454849092,-0.36632795527399,0.02137174764598,-0.0049330519483262,-0.0048504601020886,-0.6981198523855,-0.67787353443845,-0.26095643727524,0.0008034977826897,-0.018498596076329,-0.0083727685688017
2451580,0.61078148218422,-0.57589760045747,-0.37117841535903,0.021371747224807,-0.0049330519852065,-0.0048504600684575,-0.69731635458845,-0.69637213051354,-0.2693292058452,0.00080349781125333,-0.018498596073828,-0.0083727685710826
2451581,0.63215322920416,-0.58083065246215,-0.3760288754118,0.021371746817296,-0.0049330520245272,-0.004850460037514,-0.6965128567633,-0.71487072658605,-0.27770197441735,0.00080349783889043,-0.018498596071161,-0.0083727685731811
2451582,0.65352497582318,-0.58576370450724,-0.38087933543489,0.021371746422898,-0.0049330520659942,-0.0048504600090639,-0.69570935891097,-0.73336932265581,-0.28607474299151,0.0008034978656382,-0.018498596068349,-0.0083727685751106
2451583,0.67489672205415,-0.59069675659476,-0.3857297954307,0.021371746041086,-0.0049330521093408,-0.0048504599829278,-0.69490586103231,-0.7518679187227,-0.29444751156752,0.00080349789153238,-0.018498596065409,-0.0083727685768831
2451584,0.69626846790938,-0.59562980872647,-0.39058025540146,0.021371745671354,-0.0049330521543248,-0.0048504599589396,-0.69410236312817,-0.77036651478659,-0.30282028014522,0.0008034979166073,-0.018498596062358,-0.00837276857851
2451585,0.71764021340072,-0.60056286090388,-0.39543071534924,0.021371745313217,-0.0049330522007272,-0.0048504599369456,-0.69329886519936,-0.78886511084739,-0.31119304872449,0.00080349794089585,-0.018498596059211,-0.0083727685800016
2451586,0.73901195853953,-0.60549591312833,-0.40028117527597,0.021371744966211,-0.0049330522483492,-0.0048504599168037,-0.69249536724663,-0.80736370690499,-0.31956581730518,0.00080349796442954,-0.018498596055982,-0.0083727685813676
2451587,0.7603837033367,-0.61042896540093,-0.40513163518342,0.02137174462989,-0.0049330522970109,-0.0048504598983823,-0.69169186927074,-0.82586230295933,-0.32793858588719,0.00080349798723856,-0.018498596052682,-0.0083727685826169
2451588,0.78175544780272,-0.61536201772264,-0.40998209507327,0.021371744303828,-0.0049330523465496,-0.0048504598815595,-0.69088837127239,-0.84436089901033,-0.33631135447038,0.00080349800935178,-0.018498596049322,-0.0083727685837578
2451589,0.80312719194764,-0.62029507009427,-0.41483255494704,0.021371743987619,-0.0049330523968179,-0.0048504598662224,-0.69008487325226,-0.86285949505795,-0.34468412305467,0.00080349803079685,-0.018498596045913,-0.008372768584798
2451590,0.82449893578112,-0.62522812251648,-0.41968301480617,0.021371743680872,-0.0049330524476827,-0.0048504598522666,-0.68928137521101,-0.88135809110214,-0.35305689163995,0.00080349805160017,-0.018498596042463,-0.0083727685857445
2451591,0.84587067931242,-0.63016117498979,-0.424533474652,0.021371743383216,-0.0049330524990236,-0.004850459839595,-0.68847787714927,-0.89985668714287,-0.36142966022613,0.00080349807178699,-0.018498596038981,-0.0083727685866038
2451592,0.86724242255046,-0.63509422751465,-0.42938393448576,0.021371743094294,-0.004933052550732,-0.004850459828118,-0.68767437906763,-0.9183552831801,-0.36980242881313,0.00080349809138147,-0.018498596035474,-0.0083727685873822
2451593,0.8886141655038,-0.64002728009135,-0.43423439430861,0.021371742813766,-0.0049330526027099,-0.0048504598177523,-0.68687088096669,-0.93685387921381,-0.37817519740087,0.00080349811040665,-0.018498596031949,-0.0083727685880852
2451594,0.90998590818068,-0.64496033272013,-0.43908485412161,0.021371742541307,-0.0049330526548687,-0.0048504598084205,-0.686067382847,-0.95535247524399,-0.38654796598927,0.00080349812888458,-0.018498596028412,-0.0083727685887181
2451595,0.93135765058901,-0.64989338540112,-0.44393531392577,0.021371742276607,-0.0049330527071288,-0.0048504598000511,-0.6852638847091,-0.97385107127063,-0.39492073457828,0.00080349814683632,-0.018498596024868,-0.0083727685892857
2451596,0.95272939273638,-0.65482643813439,-0.44878577372201,0.02137174201937,-0.0049330527594187,-0.0048504597925774,-0.6844603865535,-0.99234966729373,-0.40329350316783,0.00080349816428198,-0.018498596021321,-0.0083727685897925
2451597,0.97410113463014,-0.65975949091995,-0.4536362335112,0.021371741769311,-0.0049330528116738,-0.0048504597859377,-0.6836568883807,-1.0108482633133,-0.41166627175785,0.00080349818124078,-0.018498596017778,-0.0083727685902428
2451598,0.99547287627731,-0.66469254375771,-0.45848669329414,0.02137174152616,-0.0049330528638363,-0.0048504597800744,-0.68285339019117,-1.0293468593293,-0.42003904034829,0.00080349819773108,-0.01849859601424,-0.0083727685906405
2451599,1.0168446176847,-0.66962559664757,-0.46333715307159,0.021371741289658,-0.0049330529158545,-0.0048504597749344,-0.68204989198539,-1.0478454553418,-0.42841180893911,0.00080349821377043,-0.018498596010712,-0.0083727685909891
2451600,1.0382163588588,-0.67455864958936,-0.46818761284424,0.021371741059559,-0.0049330529676818,-0.0048504597704679,-0.68124639376378,-1.0663440513507,-0.43678457753026,0.00080349822937561,-0.018498596007197,-0.008372768591292
2451601,1.0595880998058,-0.67949170258286,-0.47303807261274,0.021371740835625,-0.004933053019277,-0.0048504597666288,-0.68044289552677,-1.0848426473562,-0.44515734612168,0.00080349824456262,-0.018498596003698,-0.0083727685915523
2451602,1.080959840532,-0.68442475562782,-0.47788853237769,0.021371740617631,-0.0049330530706029,-0.0048504597633742,-0.67963939727479,-1.1033412433581,-0.45353011471335,0.00080349825934681,-0.018498596000217,-0.0083727685917731
2451603,1.102331581043,-0.68935780872396,-0.48273899213967,0.02137174040536,-0.0049330531216269,-0.0048504597606641,-0.67883589900821,-1.1218398393566,-0.46190288330522,0.00080349827374281,-0.018498595996757,-0.0083727685919569
2451604,1.1237033213445,-0.69429086187096,-0.48758945189919,0.021371740198608,-0.0049330531723197,-0.0048504597584613,-0.67803240072742,-1.1403384353516,-0.47027565189725,0.00080349828776462,-0.018498595993319,-0.0083727685921063
2451605,1.145075061442,-0.69922391506848,-0.49243991165675,0.021371739997175,-0.0049330532226556,-0.0048504597567311,-0.6772289024328,-1.1588370313432,-0.47864842048942,0.00080349830142565,-0.018498595989905,-0.0083727685922236
2451606,1.1664468013406,-0.70415696831615,-0.4972903714128,0.021371739800872,-0.004933053272612,-0.0048504597554413,-0.67642540412469,-1.1773356273315,-0.48702118908169,0.0008034983147387,-0.018498595986517,-0.0083727685923111
2451607,1.1878185410454,-0.70909002161357,-0.50214083116776,0.02137173960952,-0.004933053322169,-0.0048504597545616,-0.67562190580343,-1.1958342233163,-0.49539395767403,0.00080349832771604,-0.018498595983156,-0.0083727685923707
2451608,1.2091902805612,-0.71402307496035,-0.50699129092205,0.021371739422946,-0.0049330533713091,-0.0048504597540641,-0.67481840746937,-1.2143328192978,-0.50376672626642,0.0008034983403694,-0.018498595979823,-0.0083727685924045
2451609,1.2305620198928,-0.71895612835605,-0.51184175067601,0.021371739240982,-0.0049330534200175,-0.0048504597539225,-0.6740149091228,-1.2328314152759,-0.51213949485883,0.00080349835271001,-0.01849859597652,-0.0083727685924141
2451610,1.2519337590447,-0.72388918180023,-0.51669221043,0.021371739063472,-0.0049330534682811,-0.0048504597541124,-0.67321141076405,-1.2513300112508,-0.52051226345124,0.00080349836474863,-0.018498595973247,-0.0083727685924012
2451611,1.2733054980212,-0.72882223529246,-0.52154267018434,0.021371738890262,-0.0049330535160888,-0.004850459754611,-0.6724079123934,-1.2698286072225,-0.52888503204363,0.00080349837649555,-0.018498595970005,-0.0083727685923674
2451612,1.2946772368266,-0.73375528883226,-0.52639312993932,0.021371738721209,-0.0049330535634314,-0.0048504597553969,-0.67160441401115,-1.2883272031908,-0.53725780063597,0.00080349838796065,-0.018498595966794,-0.0083727685923141
2451613,1.316048975465,-0.73868834241916,-0.53124358969522,0.021371738556171,-0.0049330536103011,-0.0048504597564504,-0.67080091561757,-1.306825799156,-0.54563056922825,0.00080349839915338,-0.018498595963615,-0.0083727685922426
2451614,1.3374207139402,-0.7436213960527,-0.5360940494523,0.021371738395016,-0.0049330536566916,-0.0048504597577526,-0.66999741721293,-1.3253243951181,-0.55400333782045,0.0008034984100828,-0.018498595960469,-0.0083727685921543
2451615,1.3587924522562,-0.74855444973238,-0.5409445092108,0.021371738237615,-0.0049330537025977,-0.0048504597592864,-0.66919391879749,-1.343822991077,-0.56237610641255,0.0008034984207576,-0.018498595957356,-0.0083727685920503
2451616,1.3801641904167,-0.75348750345773,-0.54579496897095,0.021371738083845,-0.0049330537480155,-0.0048504597610354,-0.6683904203715,-1.3623215870328,-0.57074887500455,0.00080349843118612,-0.018498595954276,-0.0083727685919317
2451617,1.4015359284251,-0.75842055722825,-0.55064542873294,0.02137173793359,-0.0049330537929422,-0.0048504597629844,-0.6675869219352,-1.3808201829856,-0.57912164359641,0.00080349844137634,-0.018498595951229,-0.0083727685917995
2451618,1.422907666285,-0.76335361104345,-0.55549588849698,0.021371737786734,-0.004933053837376,-0.0048504597651193,-0.66678342348882,-1.3993187789353,-0.58749441218814,0.00080349845133595,-0.018498595948215,-0.0083727685916547
2451619,1.4442794039997,-0.76828666490284,-0.56034634826324,0.021371737643171,-0.0049330538813156,-0.0048504597674266,-0.6659799250326,-1.417817374882,-0.59586718077972,0.00080349846107229,-0.018498595945235,-0.0083727685914982
2451620,1.4656511415724,-0.77321971880592,-0.56519680803189,0.021371737502796,-0.0049330539247609,-0.0048504597698941,-0.66517642656675,-1.4363159708258,-0.60423994937113,0.00080349847059245,-0.018498595942289,-0.0083727685913309
2451621,1.4870228790063,-0.7781527727522,-0.57004726780308,0.021371737365508,-0.0049330539677123,-0.0048504597725099,-0.66437292809148,-1.4548145667666,-0.61261271796238,0.0008034984799032,-0.018498595939376,-0.0083727685911535
2451622,1.5083946163044,-0.78308582674118,-0.57489772757695,0.021371737231211,-0.0049330540101708,-0.0048504597752632,-0.66356942960701,-1.4733131627045,-0.62098548655344,0.00080349848901108,-0.018498595936496,-0.0083727685909668
2451623,1.5297663534697,-0.78801888077237,-0.57974818735364,0.021371737099814,-0.004933054052138,-0.0048504597781438,-0.66276593111353,-1.4918117586396,-0.62935825514431,0.00080349849792234,-0.01849859593365,-0.0083727685907714
2451624,1.551138090505,-0.79295193484529,-0.58459864713328,0.021371736971227,-0.004933054093616,-0.0048504597811421,-0.66196243261123,-1.5103103545718,-0.63773102373498,0.000803498506643,-0.018498595930837,-0.0083727685905681
2451625,1.572509827413,-0.79788498895944,-0.58944910691597,0.021371736845365,-0.0049330541346074,-0.0048504597842491,-0.6611589341003,-1.5288089505013,-0.64610379232544,0.00080349851517887,-0.018498595928057,-0.0083727685903573
2451626,1.5938815641966,-0.80281804311434,-0.59429956670181,0.021371736722146,-0.0049330541751152,-0.0048504597874564,-0.66035543558093,-1.547307546428,-0.65447656091569,0.0008034985235355,-0.01849859592531,-0.0083727685901398
2451627,1.6152533008582,-0.80775109730951,-0.59915002649091,0.02137173660149,-0.0049330542151427,-0.0048504597907561,-0.65955193705329,-1.5658061423519,-0.66284932950572,0.00080349853171826,-0.018498595922595,-0.008372768589916
2451628,1.6366250374004,-0.81268415154447,-0.60400048628335,0.021371736483323,-0.0049330542546934,-0.0048504597941409,-0.65874843851755,-1.5843047382732,-0.67122209809552,0.00080349853973229,-0.018498595919913,-0.0083727685896865
2451629,1.6579967738256,-0.81761720581874,-0.60885094607922,0.02137173636757,-0.0049330542937715,-0.0048504597976037,-0.65794493997388,-1.6028033341917,-0.67959486668509,0.00080349854758256,-0.018498595917263,-0.0083727685894516
2451630,1.6793685101363,-0.82255026013186,-0.61370140587858,0.021371736254161,-0.004933054332381,-0.0048504598011382,-0.65714144142244,-1.6213019301077,-0.68796763527442,0.00080349855527385,-0.018498595914644,-0.0083727685892119
2451631,1.7007402463347,-0.82748331448335,-0.61855186568151,0.021371736143029,-0.0049330543705263,-0.0048504598047381,-0.65633794286338,-1.639800526021,-0.69634040386351,0.00080349856281075,-0.018498595912057,-0.0083727685889678
2451632,1.7221119824231,-0.83241636887276,-0.62340232548808,0.021371736034108,-0.0049330544082119,-0.0048504598083978,-0.65553444429687,-1.6582991219318,-0.70471317245236,0.0008034985701977,-0.018498595909502,-0.0083727685887196
2451633,1.7434837184037,-0.83734942329962,-0.62825278529833,0.021371735927335,-0.0049330544454428,-0.004850459812112,-0.65473094572304,-1.6767977178401,-0.71308594104095,0.00080349857743897,-0.018498595906977,-0.0083727685884677
2451634,1.7648554542785,-0.84228247776349,-0.63310324511232,0.021371735822649,-0.0049330544822236,-0.0048504598158755,-0.65392744714204,-1.6952963137458,-0.72145870962929,0.00080349858453867,-0.018498595904482,-0.0083727685882125
2451635,1.7862271900496,-0.84721553226392,-0.63795370493009,0.021371735719992,-0.0049330545185596,-0.0048504598196838,-0.65312394855401,-1.713794909649,-0.72983147821737,0.00080349859150076,-0.018498595902018,-0.0083727685879542
2451636,1.8075989257191,-0.85214858680046,-0.6428041647517,0.021371735619308,-0.0049330545544556,-0.0048504598235322,-0.65232044995908,-1.7322935055498,-0.7382042468052,0.00080349859832908,-0.018498595899583,-0.0083727685876932
2451637,1.8289706612889,-0.85708164137269,-0.64765462457717,0.021371735520542,-0.004933054589917,-0.0048504598274168,-0.65151695135739,-1.7507921014482,-0.74657701539276,0.00080349860502731,-0.018498595897178,-0.0083727685874297
2451638,1.8503423967608,-0.86201469598016,-0.65250508440654,0.021371735423642,-0.0049330546249491,-0.0048504598313335,-0.65071345274907,-1.7692906973442,-0.75494978398006,0.00080349861159902,-0.018498595894803,-0.0083727685871641
2451639,1.8717141321368,-0.86694775062244,-0.65735554423985,0.021371735328556,-0.004933054659557,-0.0048504598352787,-0.64990995413423,-1.7877892932378,-0.76332255256709,0.00080349861804763,-0.018498595892456,-0.0083727685868966
2451640,1.8930858674185,-0.87188080529913,-0.66220600407711,0.021371735235237,-0.0049330546937462,-0.0048504598392491,-0.64910645551301,-1.8062878891291,-0.77169532115385,0.00080349862437647,-0.018498595890137,-0.0083727685866273
2451641,1.9144576026078,-0.8768138600098,-0.66705646391835,0.021371735143637,-0.0049330547275221,-0.0048504598432413,-0.64830295688552,-1.8247864850181,-0.78006808974034,0.00080349863058874,-0.018498595887846,-0.0083727685863565
2451642,1.9358293377064,-0.88174691475404,-0.6719069237636,0.02137173505371,-0.0049330547608901,-0.0048504598472524,-0.64749945825187,-1.8432850809048,-0.78844085832656,0.00080349863668753,-0.018498595885583,-0.0083727685860845
2451643,1.9572010727158,-0.88667996953144,-0.67675738361286,0.021371734965412,-0.0049330547938556,-0.0048504598512795,-0.64669595961218,-1.8617836767893,-0.79681362691251,0.00080349864267583,-0.018498595883348,-0.0083727685858114
2451644,1.9785728076377,-0.89161302434162,-0.68160784346616,0.0213717348787,-0.0049330548264239,-0.0048504598553199,-0.64589246096656,-1.8802822726715,-0.80518639549818,0.00080349864855653,-0.018498595881139,-0.0083727685855374
2451645,1.9999445424737,-0.89654607918416,-0.68645830332351,0.021371734793534,-0.0049330548586006,-0.0048504598593712,-0.6450889623151,-1.8987808685516,-0.81355916408358,0.0008034986543324,-0.018498595878957,-0.0083727685852626
2451646,2.0213162772253,-0.90147913405869,-0.69130876318491,0.021371734709874,-0.0049330548903909,-0.0048504598634311,-0.64428546365793,-1.9172794644294,-0.82193193266871,0.00080349866000617,-0.018498595876801,-0.0083727685849873
2451647,2.0426880118939,-0.90641218896482,-0.69615922305037,0.021371734627681,-0.0049330549218004,-0.0048504598674973,-0.64348196499512,-1.9357780603052,-0.83030470125356,0.00080349866558042,-0.01849859587467,-0.0083727685847115
2451648,2.0640597464811,-0.91134524390216,-0.7010096829199,0.021371734546919,-0.0049330549528342,-0.0048504598715677,-0.6426784663268,-1.9542766561788,-0.83867746983813,0.00080349867105769,-0.018498595872566,-0.0083727685844355
2451649,2.0854314809882,-0.91627829887036,-0.70586014279351,0.02137173446755,-0.0049330549834977,-0.0048504598756405,-0.64187496765304,-1.9727752520503,-0.84705023842243,0.00080349867644041,-0.018498595870486,-0.0083727685841593
2451650,2.1068032154167,-0.92121135386904,-0.71071060267118,0.021371734389541,-0.0049330550137963,-0.0048504598797139,-0.64107146897395,-1.9912738479198,-0.85542300700645,0.00080349868173095,-0.018498595868431,-0.008372768583883
2451651,2.1281749497678,-0.92614440889783,-0.71556106255293,0.021371734312857,-0.004933055043735,-0.0048504598837861,-0.64026797028961,-2.0097724437872,-0.86379577559019,0.00080349868693159,-0.018498595866401,-0.0083727685836068
2451652,2.1495466840428,-0.93107746395639,-0.72041152243876,0.021371734237466,-0.0049330550733192,-0.0048504598878555,-0.63946447160011,-2.0282710396526,-0.87216854417366,0.00080349869204455,-0.018498595864395,-0.0083727685833308
2451653,2.1709184182431,-0.93601051904436,-0.72526198232864,0.021371734163336,-0.0049330551025539,-0.0048504598919208,-0.63866097290555,-2.046769635516,-0.88054131275686,0.00080349869707196,-0.018498595862412,-0.0083727685830551
2451654,2.1922901523699,-0.94094357416138,-0.73011244222259,0.021371734090437,-0.0049330551314442,-0.0048504598959805,-0.637857474206,-2.0652682313774,-0.88891408133977,0.00080349870201591,-0.018498595860453,-0.0083727685827798
2451655,2.2136618864244,-0.94587662930713,-0.7349629021206,0.021371734018739,-0.0049330551599952,-0.0048504599000333,-0.63705397550154,-2.0837668272369,-0.89728684992242,0.0008034987068784,-0.018498595858516,-0.008372768582505
2451656,2.2350336204078,-0.95080968448126,-0.73981336202266,0.021371733948214,-0.0049330551882118,-0.004850459904078,-0.63625047679227,-2.1022654230945,-0.90565961850478,0.00080349871166137,-0.018498595856603,-0.0083727685822307
2451657,2.2564053543212,-0.95574273968345,-0.74466382192876,0.021371733878833,-0.004933055216099,-0.0048504599081134,-0.63544697807825,-2.1207640189501,-0.91403238708688,0.00080349871636673,-0.018498595854711,-0.008372768581957
2451658,2.2777770881658,-0.96067579491335,-0.74951428183888,0.02137173381057,-0.0049330552436617,-0.0048504599121386,-0.63464347935956,-2.1392626148039,-0.9224051556687,0.0008034987209963,-0.018498595852842,-0.008372768581684
2451659,2.2991488219427,-0.96560885017066,-0.75436474175303,0.021371733743398,-0.0049330552709045,-0.0048504599161525,-0.63383998063628,-2.1577612106558,-0.93077792425025,0.00080349872555184,-0.018498595850994,-0.0083727685814118
2451660,2.320520555653,-0.97054190545506,-0.75921520167118,0.021371733677292,-0.0049330552978324,-0.0048504599201542,-0.63303648190848,-2.1762598065059,-0.93915069283152,0.00080349873003509,-0.018498595849168,-0.0083727685811404
2451661,2.3418922892976,-0.97547496076622,-0.76406566159333,0.021371733612227,-0.0049330553244499,-0.0048504599241428,-0.63223298317623,-2.1947584023541,-0.94752346141253,0.00080349873444771,-0.018498595847363,-0.0083727685808699
2451662,2.3632640228777,-0.98040801610385,-0.76891612151946,0.021371733548181,-0.0049330553507617,-0.0048504599281176,-0.63142948443961,-2.2132569982006,-0.95589622999326,0.00080349873879132,-0.018498595845579,-0.0083727685806003
2451663,2.3846357563943,-0.98534107146765,-0.77376658144956,0.021371733485128,-0.0049330553767723,-0.0048504599320778,-0.63062598569867,-2.2317555940453,-0.96426899857373,0.00080349874306749,-0.018498595843815,-0.0083727685803317
2451664,2.4060074898483,-0.9902741268573,-0.77861704138361,0.021371733423047,-0.0049330554024862,-0.0048504599360227,-0.62982248695349,-2.2502541898883,-0.97264176715393,0.00080349874727775,-0.018498595842071,-0.0083727685800642
2451665,2.4273792232407,-0.99520718227252,-0.7834675013216,0.021371733361917,-0.0049330554279078,-0.0048504599399518,-0.62901898820414,-2.2687527857295,-0.98101453573386,0.00080349875142357,-0.018498595840347,-0.0083727685797977
2451666,2.4487509565725,-1.000140237713,-0.78831796126351,0.021371733301715,-0.0049330554530416,-0.0048504599438643,-0.62821548945067,-2.287251381569,-0.98938730431352,0.00080349875550639,-0.018498595838642,-0.0083727685795324
2451667,2.4701226898445,-1.0050732931785,-0.79316842120933,0.021371733242422,-0.0049330554778918,-0.0048504599477597,-0.62741199069315,-2.3057499774068,-0.99776007289292,0.00080349875952761,-0.018498595836957,-0.0083727685792682
2451668,2.4914944230576,-1.0100063486687,-0.79801888115903,0.021371733184017,-0.0049330555024625,-0.0048504599516376,-0.62660849193163,-2.3242485732429,-1.0061328414721,0.00080349876348859,-0.01849859583529,-0.0083727685790052
2451669,2.5128661562128,-1.0149394041833,-0.8028693411126,0.021371733126481,-0.0049330555267581,-0.0048504599554975,-0.62580499316619,-2.3427471690773,-1.0145056100509,0.00080349876739063,-0.018498595833643,-0.0083727685787434
2451670,2.5342378893109,-1.0198724597221,-0.80771980107001,0.021371733069795,-0.0049330555507826,-0.0048504599593389,-0.62500149439687,-2.3612457649102,-1.0228783786295,0.00080349877123502,-0.018498595832013,-0.0083727685784829
2451671,2.5556096223527,-1.0248055152848,-0.81257026103127,0.021371733013941,-0.00493305557454,-0.0048504599631614,-0.62419799562374,-2.3797443607414,-1.0312511472079,0.00080349877502301,-0.018498595830402,-0.0083727685782237
2451672,2.576981355339,-1.0297385708711,-0.81742072099633,0.021371732958901,-0.0049330555980343,-0.0048504599669648,-0.62339449684684,-2.398242956571,-1.039623915786,0.0008034987787558,-0.018498595828809,-0.0083727685779657
2451673,2.5983530882707,-1.0346716264808,-0.82227118096519,0.021371732904657,-0.0049330556212695,-0.0048504599707486,-0.62259099806624,-2.416741552399,-1.0479966843638,0.00080349878243456,-0.018498595827233,-0.0083727685777091
2451674,2.6197248211486,-1.0396046821136,-0.82712164093782,0.021371732851193,-0.0049330556442493,-0.0048504599745125,-0.62178749928199,-2.4352401482254,-1.0563694529414,0.00080349878606044,-0.018498595825674,-0.0083727685774538
2451675,2.6410965539734,-1.0445377377692,-0.83197210091421,0.021371732798493,-0.0049330556669776,-0.0048504599782563,-0.62098400049414,-2.4537387440503,-1.0647422215187,0.00080349878963455,-0.018498595824133,-0.0083727685771999
2451676,2.6624682867458,-1.0494707934475,-0.83682256089433,0.02137173274654,-0.0049330556894581,-0.0048504599819798,-0.62018050170274,-2.4722373398737,-1.0731149900958,0.00080349879315797,-0.018498595822608,-0.0083727685769474
2451677,2.6838400194667,-1.0544038491481,-0.84167302087816,0.021371732695318,-0.0049330557116945,-0.0048504599856826,-0.61937700290784,-2.4907359356956,-1.0814877586726,0.00080349879663175,-0.0184985958211,-0.0083727685766963
2451678,2.7052117521367,-1.0593369048708,-0.84652348086569,0.021371732644814,-0.0049330557336903,-0.0048504599893646,-0.61857350410949,-2.5092345315159,-1.0898605272492,0.00080349880005692,-0.018498595819609,-0.0083727685764466
2451679,2.7265834847566,-1.0642699606154,-0.85137394085688,0.021371732595012,-0.0049330557554491,-0.0048504599930257,-0.61777000530774,-2.5277331273348,-1.0982332958255,0.00080349880343447,-0.018498595818133,-0.0083727685761983
2451680,2.7479552173269,-1.0692030163816,-0.85622440085173,0.021371732545898,-0.0049330557769745,-0.0048504599966656,-0.61696650650264,-2.5462317231522,-1.1066060644016,0.00080349880676536,-0.018498595816673,-0.0083727685759514
2451681,2.7693269498486,-1.0741360721692,-0.86107486085021,0.021371732497457,-0.0049330557982698,-0.0048504600002843,-0.61616300769423,-2.5647303189681,-1.1149788329774,0.00080349881005055,-0.018498595815229,-0.008372768575706
2451682,2.7906986823221,-1.079069127978,-0.86592532085229,0.021371732449677,-0.0049330558193384,-0.0048504600038816,-0.61535950888255,-2.5832289147827,-1.123351601553,0.00080349881329094,-0.0184985958138,-0.008372768575462
2451683,2.8120704147481,-1.0840021838078,-0.87077578085796,0.021371732402545,-0.0049330558401836,-0.0048504600074573,-0.61455601006766,-2.6017275105957,-1.1317243701284,0.00080349881648745,-0.018498595812386,-0.0083727685752195
2451684,2.8334421471274,-1.0889352396583,-0.8756262408672,0.021371732356046,-0.0049330558608087,-0.0048504600110115,-0.61375251124959,-2.6202261064074,-1.1400971387035,0.00080349881964092,-0.018498595810988,-0.0083727685749785
2451685,2.8548138794604,-1.0938682955294,-0.88047670087998,0.02137173231017,-0.004933055881217,-0.0048504600145441,-0.61294901242839,-2.6387247022177,-1.1484699072783,0.00080349882275223,-0.018498595809604,-0.0083727685747389
2451686,2.8761856117479,-1.0988013514207,-0.88532716089628,0.021371732264903,-0.0049330559014114,-0.0048504600180549,-0.6121455136041,-2.6572232980266,-1.1568426758529,0.00080349882582218,-0.018498595808234,-0.0083727685745008
2451687,2.8975573439904,-1.1037344073321,-0.89017762091608,0.021371732220234,-0.0049330559213953,-0.0048504600215439,-0.61134201477676,-2.6757218938342,-1.1652154444273,0.00080349882885159,-0.018498595806879,-0.0083727685742642
2451688,2.9189290761886,-1.1086674632634,-0.89502808093936,0.021371732176151,-0.0049330559411715,-0.0048504600250112,-0.61053851594641,-2.6942204896404,-1.1735882130015,0.00080349883184125,-0.018498595805537,-0.0083727685740291
2451689,2.9403008083429,-1.1136005192144,-0.8998785409661,0.021371732132644,-0.0049330559607431,-0.0048504600284566,-0.60973501711309,-2.7127190854453,-1.1819609815754,0.00080349883479191,-0.01849859580421,-0.0083727685737954
2451690,2.9616725404541,-1.1185335751848,-0.90472900099627,0.0213717320897,-0.0049330559801131,-0.0048504600318802,-0.60893151827684,-2.7312176812488,-1.1903337501491,0.00080349883770433,-0.018498595802896,-0.0083727685735632
2451691,2.9830442725225,-1.1234666311746,-0.90957946102985,0.021371732047309,-0.0049330559992843,-0.0048504600352821,-0.60812801943769,-2.7497162770511,-1.1987065187225,0.00080349884057923,-0.018498595801596,-0.0083727685733325
2451692,3.0044160045489,-1.1283996871833,-0.91442992106682,0.021371732005461,-0.0049330560182596,-0.0048504600386621,-0.60732452059569,-2.768214872852,-1.2070792872957,0.00080349884341732,-0.018498595800309,-0.0083727685731033
2451693,3.0257877365336,-1.133332743211,-0.91928038110717,0.021371731964146,-0.0049330560370418,-0.0048504600420203,-0.60652102175087,-2.7867134686517,-1.2154520558687,0.0008034988462193,-0.018498595799036,-0.0083727685728755
2451694,3.0471594684773,-1.1382657992574,-0.92413084115086,0.021371731923353,-0.0049330560556336,-0.0048504600453568,-0.60571752290327,-2.8052120644501,-1.2238248244415,0.00080349884898583,-0.018498595797775,-0.0083727685726492
2451695,3.0685312003805,-1.1431988553222,-0.92898130119787,0.021371731883073,-0.0049330560740378,-0.0048504600486715,-0.60491402405291,-2.8237106602473,-1.232197593014,0.00080349885171758,-0.018498595796527,-0.0083727685724244
2451696,3.0899029322436,-1.1481319114054,-0.93383176124819,0.021371731843297,-0.0049330560922569,-0.0048504600519646,-0.60411052519984,-2.8422092560432,-1.2405703615863,0.00080349885441519,-0.018498595795291,-0.0083727685722011
2451697,3.1112746640673,-1.1530649675067,-0.93868222130179,0.021371731804014,-0.0049330561102936,-0.004850460055236,-0.60330702634409,-2.8607078518378,-1.2489431301584,0.00080349885707929,-0.018498595794068,-0.0083727685719792
2451698,3.1326463958518,-1.1579980236259,-0.94353268135866,0.021371731765217,-0.0049330561281506,-0.004850460058486,-0.6025035274857,-2.8792064476313,-1.2573158987303,0.00080349885971048,-0.018498595792857,-0.0083727685717588
2451699,3.1540181275979,-1.1629310797629,-0.94838314141876,0.021371731726896,-0.0049330561458302,-0.0048504600617144,-0.60170002862468,-2.8977050434236,-1.2656886673019,0.00080349886230937,-0.018498595791658,-0.0083727685715399
2451700,3.1753898593058,-1.1678641359175,-0.95323360148208,0.021371731689043,-0.004933056163335,-0.0048504600649214,-0.60089652976109,-2.9162036392146,-1.2740614358734,0.00080349886487654,-0.01849859579047,-0.0083727685713224
2451701,3.1967615909761,-1.1727971920895,-0.9580840615486,0.021371731651649,-0.0049330561806674,-0.004850460068107,-0.60009303089494,-2.9347022350045,-1.2824342044446,0.00080349886741256,-0.018498595789295,-0.0083727685711063
2451702,3.2181333226092,-1.1777302482788,-0.96293452161829,0.021371731614707,-0.0049330561978299,-0.0048504600712714,-0.59928953202627,-2.9532008307932,-1.2908069730156,0.00080349886991798,-0.018498595788131,-0.0083727685708917
2451703,3.2395050542057,-1.1826633044851,-0.96778498169113,0.021371731578207,-0.0049330562148247,-0.0048504600744147,-0.59848603315511,-2.9716994265808,-1.2991797415864,0.00080349887239335,-0.018498595786979,-0.0083727685706785
2451704,3.2608767857658,-1.1875963607084,-0.97263544176711,0.021371731542143,-0.0049330562316542,-0.0048504600775368,-0.59768253428149,-2.9901980223672,-1.3075525101569,0.0008034988748392,-0.018498595785837,-0.0083727685704668
2451705,3.2822485172901,-1.1925294169484,-0.9774859018462,0.021371731506506,-0.0049330562483207,-0.004850460080638,-0.59687903540544,-3.0086966181524,-1.3159252787273,0.00080349887725604,-0.018498595784707,-0.0083727685702565
2451706,3.3036202487789,-1.197462473205,-0.98233636192838,0.02137173147129,-0.0049330562648264,-0.0048504600837183,-0.59607553652699,-3.0271952139366,-1.3242980472974,0.00080349887964439,-0.018498595783587,-0.0083727685700476
2451707,3.3249919802328,-1.202395529478,-0.98718682201363,0.021371731436487,-0.0049330562811735,-0.0048504600867778,-0.59527203764617,-3.0456938097196,-1.3326708158674,0.00080349888200473,-0.018498595782479,-0.0083727685698401
2451708,3.3463637116521,-1.2073285857673,-0.99203728210193,0.021371731402089,-0.0049330562973642,-0.0048504600898167,-0.59446853876299,-3.0641924055016,-1.3410435844371,0.00080349888433756,-0.018498595781381,-0.008372768569634
2451709,3.3677354430371,-1.2122616420727,-0.99688774219325,0.02137173136809,-0.0049330563134006,-0.004850460092835,-0.5936650398775,-3.0826910012824,-1.3494163530067,0.00080349888664333,-0.018498595780293,-0.0083727685694293
2451710,3.3891071743884,-1.217194698394,-1.0017382022876,0.021371731334483,-0.0049330563292848,-0.0048504600958328,-0.59286154098971,-3.1011895970621,-1.357789121576,0.00080349888892252,-0.018498595779216,-0.008372768569226
2451711,3.4104789057062,-1.2221277547312,-1.0065886623849,0.021371731301262,-0.0049330563450189,-0.0048504600988103,-0.59205804209966,-3.1196881928408,-1.3661618901451,0.00080349889117558,-0.018498595778149,-0.0083727685690241
2451712,3.431850636991,-1.227060811084,-1.0114391224852,0.021371731268419,-0.0049330563606049,-0.0048504601017676,-0.59125454320737,-3.1381867886184,-1.374534658714,0.00080349889340295,-0.018498595777092,-0.0083727685688235
2451713,3.4532223682432,-1.2319938674523,-1.0162895825884,0.021371731235949,-0.0049330563760447,-0.0048504601047048,-0.59045104431287,-3.156685384395,-1.3829074272828,0.00080349889560506,-0.018498595776045,-0.0083727685686243
2451714,3.474594099463,-1.236926923836,-1.0211400426946,0.021371731203845,-0.0049330563913403,-0.0048504601076221,-0.58964754541617,-3.1751839801705,-1.3912801958513,0.00080349889778233,-0.018498595775007,-0.0083727685684264
2451715,3.495965830651,-1.241859980235,-1.0259905028037,0.021371731172101,-0.0049330564064937,-0.0048504601105195,-0.58884404651731,-3.193682575945,-1.3996529644196,0.00080349889993517,-0.01849859577398,-0.0083727685682299
2451716,3.5173375618074,-1.246793036649,-1.0308409629156,0.021371731140711,-0.0049330564215068,-0.0048504601133972,-0.58804054761631,-3.2121811717185,-1.4080257329877,0.00080349890206399,-0.018498595772961,-0.0083727685680348
2451717,3.5387092929325,-1.2517260930779,-1.0356914230305,0.02137173110967,-0.0049330564363813,-0.0048504601162552,-0.58723704871319,-3.230679767491,-1.4163985015557,0.00080349890416919,-0.018498595771953,-0.008372768567841
2451718,3.5600810240268,-1.2566591495217,-1.0405418831481,0.021371731078971,-0.0049330564511192,-0.0048504601190939,-0.58643354980798,-3.2491783632624,-1.4247712701234,0.00080349890625115,-0.018498595770953,-0.0083727685676484
2451719,3.5814527550906,-1.2615922059801,-1.0453923432686,0.02137173104861,-0.0049330564657222,-0.0048504601219131,-0.58563005090069,-3.2676769590329,-1.433144038691,0.00080349890831025,-0.018498595769963,-0.0083727685674572
2451720,3.6028244861241,-1.2665252624531,-1.050242803392,0.02137173101858,-0.0049330564801922,-0.0048504601247132,-0.58482655199136,-3.2861755548023,-1.4415168072583,0.00080349891034686,-0.018498595768981,-0.0083727685672673
2451721,3.6241962171278,-1.2714583189405,-1.0550932635181,0.021371730988876,-0.0049330564945307,-0.0048504601274943,-0.58402305308001,-3.3046741505708,-1.4498895758255,0.00080349891236134,-0.018498595768009,-0.0083727685670787
2451722,3.645567948102,-1.2763913754421,-1.0599437236469,0.021371730959493,-0.0049330565087397,-0.0048504601302563,-0.58321955416665,-3.3231727463384,-1.4582623443925,0.00080349891435404,-0.018498595767045,-0.0083727685668914
2451723,3.6669396790469,-1.2813244319579,-1.0647941837786,0.021371730930427,-0.0049330565228206,-0.0048504601329996,-0.58241605525131,-3.3416713421049,-1.4666351129593,0.00080349891632533,-0.01849859576609,-0.0083727685667054
2451724,3.688311409963,-1.2862574884877,-1.0696446439129,0.021371730901671,-0.0049330565367753,-0.0048504601357242,-0.581612556334,-3.3601699378705,-1.4750078815259,0.00080349891827552,-0.018498595765144,-0.0083727685665206
2451725,3.7096831408504,-1.2911905450314,-1.07449510405,0.021371730873221,-0.0049330565506053,-0.0048504601384303,-0.58080905741476,-3.3786685336352,-1.4833806500923,0.00080349892020497,-0.018498595764206,-0.0083727685663371
2451726,3.7310548717095,-1.2961236015889,-1.0793455641898,0.021371730845072,-0.0049330565643122,-0.004850460141118,-0.5800055584936,-3.397167129399,-1.4917534186586,0.00080349892211398,-0.018498595763277,-0.0083727685661548
2451727,3.7524266025406,-1.30105665816,-1.0841960243322,0.02137173081722,-0.0049330565778977,-0.0048504601437874,-0.57920205957054,-3.4156657251618,-1.5001261872246,0.00080349892400289,-0.018498595762355,-0.0083727685659737
2451728,3.773798333344,-1.3059897147446,-1.0890464844774,0.02137173078966,-0.0049330565913632,-0.0048504601464387,-0.5783985606456,-3.4341643209237,-1.5084989557905,0.00080349892587201,-0.018498595761442,-0.0083727685657939
2451729,3.79517006412,-1.3109227713427,-1.0938969446251,0.021371730762387,-0.0049330566047102,-0.0048504601490719,-0.5775950617188,-3.4526629166847,-1.5168717243562,0.00080349892772164,-0.018498595760537,-0.0083727685656153
2451730,3.8165417948689,-1.315855827954,-1.0987474047755,0.021371730735397,-0.0049330566179404,-0.0048504601516874,-0.57679156279017,-3.4711615124447,-1.5252444929218,0.00080349892955208,-0.01849859575964,-0.008372768565438
2451731,3.8379135255909,-1.3207888845785,-1.1035978649285,0.021371730708686,-0.0049330566310552,-0.0048504601542851,-0.57598806385971,-3.4896601082039,-1.5336172614871,0.00080349893136362,-0.01849859575875,-0.0083727685652618
2451732,3.8592852562864,-1.3257219412161,-1.1084483250841,0.021371730682248,-0.0049330566440559,-0.0048504601568652,-0.57518456492744,-3.5081587039623,-1.5419900300523,0.00080349893315656,-0.018498595757868,-0.0083727685650868
2451733,3.8806569869555,-1.3306549978666,-1.1132987852422,0.021371730656082,-0.0049330566569441,-0.0048504601594279,-0.5743810659934,-3.5266572997197,-1.5503627986173,0.00080349893493118,-0.018498595756994,-0.008372768564913
2451734,3.9020287175986,-1.33558805453,-1.1181492454029,0.021371730630181,-0.0049330566697212,-0.0048504601619733,-0.57357756705759,-3.5451558954762,-1.5587355671821,0.00080349893668775,-0.018498595756128,-0.0083727685647404
2451735,3.923400448216,-1.340521111206,-1.1229997055662,0.021371730604542,-0.0049330566823885,-0.0048504601645014,-0.57277406812003,-3.5636544912319,-1.5671083357468,0.00080349893842655,-0.018498595755269,-0.0083727685645689
2451736,3.9447721788078,-1.3454541678947,-1.1278501657319,0.021371730579162,-0.0049330566949475,-0.0048504601670126,-0.57197056918074,-3.5821530869868,-1.5754811043113,0.00080349894014784,-0.018498595754417,-0.0083727685643986
2451737,3.9661439093744,-1.3503872245959,-1.1327006259002,0.021371730554035,-0.0049330567073994,-0.0048504601695068,-0.57116707023974,-3.6006516827408,-1.5838538728756,0.00080349894185187,-0.018498595753572,-0.0083727685642295
2451738,3.9875156399159,-1.3553202813095,-1.1375510860709,0.02137173052916,-0.0049330567197455,-0.0048504601719843,-0.57036357129704,-3.6191502784939,-1.5922266414397,0.00080349894353892,-0.018498595752735,-0.0083727685640615
2451739,4.0088873704328,-1.3602533380353,-1.1424015462441,0.021371730504531,-0.0049330567319873,-0.0048504601744451,-0.56956007235267,-3.6376488742462,-1.6005994100037,0.00080349894520922,-0.018498595751905,-0.0083727685638946
2451740,4.0302591009251,-1.3651863947734,-1.1472520064198,0.021371730480145,-0.0049330567441259,-0.0048504601768894,-0.56875657340663,-3.6561474699977,-1.6089721785675,0.00080349894686303,-0.018498595751082,-0.0083727685637288
2451741,4.0516308313931,-1.3701194515235,-1.1521024665979,0.021371730456,-0.0049330567561626,-0.0048504601793173,-0.56795307445895,-3.6746460657484,-1.6173449471311,0.00080349894850058,-0.018498595750265,-0.0083727685635641
2451742,4.0730025618372,-1.3750525082857,-1.1569529267784,0.02137173043209,-0.0049330567680987,-0.004850460181729,-0.56714957550963,-3.6931446614983,-1.6257177156946,0.00080349895012211,-0.018498595749456,-0.0083727685634006
2451743,4.0943742922574,-1.3799855650597,-1.1618033869614,0.021371730408413,-0.0049330567799353,-0.0048504601841246,-0.56634607655871,-3.7116432572473,-1.6340904842579,0.00080349895172785,-0.018498595748653,-0.0083727685632381
2451744,4.1157460226541,-1.3849186218455,-1.1666538471467,0.021371730384966,-0.0049330567916737,-0.0048504601865042,-0.56554257760618,-3.7301418529956,-1.6424632528211,0.00080349895331804,-0.018498595747857,-0.0083727685630767
2451745,4.1371177530274,-1.389851678643,-1.1715043073344,0.021371730361745,-0.0049330568033151,-0.004850460188868,-0.56473907865208,-3.748640448743,-1.6508360213841,0.00080349895489288,-0.018498595747068,-0.0083727685629164
2451746,4.1584894833776,-1.3947847354521,-1.1763547675244,0.021371730338746,-0.0049330568148606,-0.004850460191216,-0.5639355796964,-3.7671390444897,-1.6592087899469,0.00080349895645261,-0.018498595746285,-0.0083727685627572
2451747,4.179861213705,-1.3997177922727,-1.1812052277168,0.021371730315968,-0.0049330568263114,-0.0048504601935485,-0.56313208073918,-3.7856376402356,-1.6675815585096,0.00080349895799744,-0.018498595745508,-0.008372768562599
2451748,4.2012329440096,-1.4046508491047,-1.1860556879115,0.021371730293406,-0.0049330568376686,-0.0048504601958655,-0.56232858178041,-3.8041362359807,-1.6759543270721,0.00080349895952757,-0.018498595744738,-0.0083727685624418
2451749,4.2226046742918,-1.409583905948,-1.1909061481085,0.021371730271057,-0.0049330568489334,-0.0048504601981671,-0.56152508282013,-3.8226348317251,-1.6843270956345,0.00080349896104322,-0.018498595743974,-0.0083727685622858
2451750,4.2439764045518,-1.4145169628026,-1.1957566083078,0.02137173024892,-0.0049330568601067,-0.0048504602004536,-0.56072158385833,-3.8411334274687,-1.6926998641967,0.00080349896254458,-0.018498595743216,-0.0083727685621307
2451751,4.2653481347898,-1.4194500196682,-1.2006070685094,0.02137173022699,-0.0049330568711897,-0.004850460202725,-0.55991808489504,-3.8596320232115,-1.7010726327588,0.00080349896403187,-0.018498595742464,-0.0083727685619766
2451752,4.2867198650059,-1.4243830765449,-1.2054575287133,0.021371730205264,-0.0049330568821835,-0.0048504602049814,-0.55911458593027,-3.8781306189536,-1.7094454013207,0.00080349896550526,-0.018498595741719,-0.0083727685618236
2451753,4.3080915952003,-1.4293161334325,-1.2103079889194,0.021371730183741,-0.0049330568930891,-0.0048504602072229,-0.55831108696404,-3.896629214695,-1.7178181698824,0.00080349896696496,-0.018498595740979,-0.0083727685616716
2451754,4.3294633253734,-1.4342491903311,-1.2151584491277,0.021371730162417,-0.0049330569039075,-0.0048504602094498,-0.55750758799635,-3.9151278104356,-1.726190938444,0.00080349896841115,-0.018498595740245,-0.0083727685615206
2451755,4.3508350555252,-1.4391822472403,-1.2200089093383,0.021371730141289,-0.0049330569146398,-0.0048504602116621,-0.55670408902722,-3.9336264061755,-1.7345637070055,0.00080349896984402,-0.018498595739518,-0.0083727685613705
2451756,4.3722067856561,-1.4441153041603,-1.224859369551,0.021371730120355,-0.0049330569252869,-0.0048504602138599,-0.55590059005666,-3.9521250019146,-1.7429364755667,0.00080349897126375,-0.018498595738796,-0.0083727685612215
2451757,4.393578515766,-1.4490483610909,-1.229709829766,0.021371730099612,-0.0049330569358499,-0.0048504602160434,-0.55509709108469,-3.9706235976531,-1.7513092441279,0.00080349897267052,-0.018498595738079,-0.0083727685610734
2451758,4.4149502458553,-1.453981418032,-1.2345602899831,0.021371730079058,-0.0049330569463297,-0.0048504602182127,-0.55429359211133,-3.9891221933908,-1.7596820126889,0.0008034989740645,-0.018498595737368,-0.0083727685609263
2451759,4.4363219759242,-1.4589144749835,-1.2394107502024,0.021371730058689,-0.0049330569567272,-0.0048504602203679,-0.55349009313657,-4.0076207891278,-1.7680547812497,0.00080349897544586,-0.018498595736663,-0.0083727685607801
2451760,4.4576937059728,-1.4638475319454,-1.2442612104238,0.021371730038504,-0.0049330569670434,-0.0048504602225091,-0.55268659416044,-4.0261193848641,-1.7764275498105,0.00080349897681479,-0.018498595735964,-0.0083727685606349
2451761,4.4790654360013,-1.4687805889176,-1.2491116706474,0.0213717300185,-0.0049330569772793,-0.0048504602246364,-0.55188309518294,-4.0446179805997,-1.784800318371,0.00080349897817143,-0.018498595735269,-0.0083727685604906
2451762,4.5004371660098,-1.4737136458999,-1.2539621308731,0.021371729998675,-0.0049330569874357,-0.00485046022675,-0.5510795962041,-4.0631165763346,-1.7931730869314,0.00080349897951596,-0.018498595734581,-0.0083727685603473
2451763,4.5218088959987,-1.4786467028924,-1.2588125911009,0.021371729979026,-0.0049330569975135,-0.0048504602288499,-0.55027609722392,-4.0816151720689,-1.8015458554917,0.00080349898084853,-0.018498595733897,-0.0083727685602049
2451764,4.543180625968,-1.4835797598949,-1.2636630513308,0.021371729959551,-0.0049330570075137,-0.0048504602309363,-0.54947259824241,-4.1001137678024,-1.8099186240518,0.0008034989821693,-0.018498595733219,-0.0083727685600634
2451765,4.5645523559178,-1.4885128169074,-1.2685135115628,0.021371729940248,-0.0049330570174371,-0.0048504602330093,-0.54866909925958,-4.1186123635353,-1.8182913926118,0.00080349898347844,-0.018498595732546,-0.0083727685599228
2451766,4.5859240858485,-1.4934458739298,-1.2733639717968,0.021371729921114,-0.0049330570272846,-0.0048504602350691,-0.54786560027545,-4.1371109592675,-1.8266641611717,0.00080349898477608,-0.018498595731878,-0.0083727685597831
2451767,4.6072958157601,-1.498378930962,-1.2782144320329,0.021371729902148,-0.004933057037057,-0.0048504602371156,-0.54706210129003,-4.1556095549991,-1.8350369297314,0.00080349898606238,-0.018498595731215,-0.0083727685596443
2451768,4.6286675456529,-1.5033119880039,-1.2830648922711,0.021371729883346,-0.0049330570467552,-0.0048504602391491,-0.54625860230333,-4.17410815073,-1.843409698291,0.00080349898733748,-0.018498595730558,-0.0083727685595064
2451769,4.6500392755269,-1.5082450450554,-1.2879153525112,0.021371729864708,-0.0049330570563799,-0.0048504602411696,-0.54545510331536,-4.1926067464602,-1.8517824668504,0.00080349898860154,-0.018498595729905,-0.0083727685593694
2451770,4.6714110053823,-1.5131781021166,-1.2927658127534,0.02137172984623,-0.0049330570659321,-0.0048504602431773,-0.54465160432613,-4.2111053421898,-1.8601552354097,0.00080349898985469,-0.018498595729257,-0.0083727685592332
2451771,4.6927827352194,-1.5181111591873,-1.2976162729976,0.021371729827911,-0.0049330570754124,-0.0048504602451722,-0.54384810533566,-4.2296039379187,-1.8685280039689,0.00080349899109707,-0.018498595728614,-0.0083727685590979
2451772,4.7141544650382,-1.5230442162674,-1.3024667332437,0.021371729809749,-0.0049330570848217,-0.0048504602471545,-0.54304460634394,-4.248102533647,-1.8769007725279,0.00080349899232882,-0.018498595727976,-0.0083727685589635
2451773,4.7355261948389,-1.5279772733569,-1.3073171934919,0.021371729791741,-0.0049330570941608,-0.0048504602491243,-0.542241107351,-4.2666011293747,-1.8852735410868,0.00080349899355007,-0.018498595727343,-0.0083727685588299
2451774,4.7568979246217,-1.5329103304557,-1.312167653742,0.021371729773886,-0.0049330571034305,-0.0048504602510817,-0.54143760835685,-4.2850997251017,-1.8936463096456,0.00080349899476096,-0.018498595726714,-0.0083727685586971
2451775,4.7782696543868,-1.5378433875637,-1.317018113994,0.021371729756183,-0.0049330571126314,-0.0048504602530267,-0.54063410936148,-4.3035983208281,-1.9020190782042,0.00080349899596162,-0.01849859572609,-0.0083727685585652
2451776,4.7996413841341,-1.5427764446809,-1.321868574248,0.021371729738628,-0.0049330571217644,-0.0048504602549596,-0.53983061036493,-4.3220969165539,-1.9103918467627,0.00080349899715217,-0.018498595725471,-0.0083727685584341
2451777,4.8210131138641,-1.5477095018073,-1.3267190345039,0.02137172972122,-0.0049330571308301,-0.0048504602568803,-0.53902711136718,-4.340595512279,-1.9187646153211,0.00080349899833275,-0.018498595724856,-0.0083727685583039
2451778,4.8423848435766,-1.5526425589426,-1.3315694947618,0.021371729703958,-0.0049330571398293,-0.004850460258789,-0.53822361236826,-4.3590941080036,-1.9271373838793,0.00080349899950347,-0.018498595724245,-0.0083727685581744
2451779,4.863756573272,-1.5575756160869,-1.3364199550215,0.021371729686839,-0.0049330571487628,-0.0048504602606859,-0.53742011336818,-4.3775927037275,-1.9355101524374,0.00080349900066446,-0.01849859572364,-0.0083727685580458
2451780,4.8851283029504,-1.5625086732401,-1.3412704152831,0.021371729669862,-0.0049330571576312,-0.0048504602625709,-0.53661661436694,-4.3960912994509,-1.9438829209954,0.00080349900181583,-0.018498595723038,-0.0083727685579179
2451781,4.9065000326118,-1.5674417304021,-1.3461208755467,0.021371729653025,-0.0049330571664352,-0.0048504602644442,-0.53581311536455,-4.4145898951736,-1.9522556895533,0.00080349900295771,-0.018498595722441,-0.0083727685577909
2451782,4.9278717622565,-1.5723747875729,-1.350971335812,0.021371729636326,-0.0049330571751755,-0.0048504602663059,-0.53500961636103,-4.4330884908957,-1.960628458111,0.00080349900409022,-0.018498595721848,-0.0083727685576646
2451783,4.9492434918845,-1.5773078447525,-1.3558217960793,0.021371729619763,-0.0049330571838528,-0.0048504602681561,-0.53420611735637,-4.4515870866173,-1.9690012266686,0.00080349900521346,-0.01849859572126,-0.0083727685575392
2451784,4.970615221496,-1.5822409019406,-1.3606722563483,0.021371729603336,-0.0049330571924677,-0.0048504602699949,-0.5334026183506,-4.4700856823383,-1.9773739952261,0.00080349900632755,-0.018498595720676,-0.0083727685574144
2451785,4.9919869510912,-1.5871739591374,-1.3655227166192,0.021371729587042,-0.004933057201021,-0.0048504602718224,-0.53259911934372,-4.4885842780587,-1.9857467637834,0.0008034990074326,-0.018498595720095,-0.0083727685572905
2451786,5.0133586806702,-1.5921070163426,-1.370373176892,0.02137172957088,-0.0049330572095132,-0.0048504602736386,-0.53179562033574,-4.5070828737785,-1.9941195323406,0.00080349900852872,-0.01849859571952,-0.0083727685571673
2451787,5.034730410233,-1.5970400735564,-1.3752236371665,0.021371729554847,-0.004933057217945,-0.0048504602754438,-0.53099212132667,-4.5255814694977,-2.0024923008978,0.00080349900961601,-0.018498595718948,-0.0083727685570449
2451788,5.0561021397799,-1.6019731307785,-1.3800740974429,0.021371729538944,-0.004933057226317,-0.0048504602772379,-0.53018862231651,-4.5440800652164,-2.0108650694547,0.00080349901069459,-0.01849859571838,-0.0083727685569232
2451789,5.0774738693109,-1.606906188009,-1.384924557721,0.021371729523167,-0.0049330572346298,-0.004850460279021,-0.52938512330528,-4.5625786609345,-2.0192378380116,0.00080349901176455,-0.018498595717816,-0.0083727685568023
2451790,5.0988455988263,-1.6118392452478,-1.3897750180009,0.021371729507516,-0.0049330572428842,-0.0048504602807933,-0.52858162429298,-4.581077256652,-2.0276106065683,0.00080349901282599,-0.018498595717256,-0.0083727685566821
2451791,5.120217328326,-1.6167723024947,-1.3946254782826,0.021371729491989,-0.0049330572510806,-0.0048504602825549,-0.52777812527963,-4.599575852369,-2.035983375125,0.00080349901387903,-0.0184985957167,-0.0083727685565626
2451792,5.1415890578103,-1.6217053597499,-1.399475938566,0.021371729476584,-0.0049330572592196,-0.0048504602843057,-0.52697462626523,-4.6180744480854,-2.0443561436815,0.00080349901492375,-0.018498595716148,-0.0083727685564439
2451793,5.1629607872792,-1.6266384170132,-1.4043263988512,0.021371729461301,-0.0049330572673019,-0.004850460286046,-0.52617112724979,-4.6365730438013,-2.0527289122379,0.00080349901596026,-0.0184985957156,-0.0083727685563259
2451794,5.1843325167329,-1.6315714742845,-1.4091768591381,0.021371729446137,-0.0049330572753281,-0.0048504602877758,-0.52536762823331,-4.6550716395166,-2.0611016807941,0.00080349901698864,-0.018498595715056,-0.0083727685562086
2451795,5.2057042461715,-1.6365045315638,-1.4140273194267,0.021371729431092,-0.0049330572832987,-0.0048504602894952,-0.52456412921581,-4.6735702352314,-2.0694744493503,0.00080349901800901,-0.018498595714515,-0.0083727685560919
2451796,5.2270759755951,-1.6414375888511,-1.4188777797171,0.021371729416164,-0.0049330572912142,-0.0048504602912043,-0.5237606301973,-4.6920688309456,-2.0778472179063,0.00080349901902143,-0.018498595713979,-0.008372768555976
2451797,5.2484477050039,-1.6463706461462,-1.4237282400091,0.021371729401351,-0.0049330572990753,-0.0048504602929031,-0.52295713117777,-4.7105674266593,-2.0862199864622,0.00080349902002602,-0.018498595713445,-0.0083727685558608
2451798,5.2698194343979,-1.6513037034492,-1.4285787003029,0.021371729386652,-0.0049330573068825,-0.0048504602945918,-0.52215363215725,-4.7290660223725,-2.094592755018,0.00080349902102286,-0.018498595712916,-0.0083727685557463
2451799,5.2911911637772,-1.65623676076,-1.4334291605983,0.021371729372067,-0.0049330573146363,-0.0048504602962704,-0.52135013313573,-4.7475646180852,-2.1029655235737,0.00080349902201204,-0.01849859571239,-0.0083727685556325
2451800,5.3125628931421,-1.6611698180784,-1.4382796208954,0.021371729357593,-0.0049330573223373,-0.0048504602979391,-0.52054663411323,-4.7660632137973,-2.1113382921293,0.00080349902299364,-0.018498595711868,-0.0083727685555193
2451801,5.3339346224925,-1.6661028754046,-1.4431300811942,0.02137172934323,-0.0049330573299859,-0.0048504602995978,-0.51974313508974,-4.7845618095089,-2.1197110606848,0.00080349902396776,-0.018498595711349,-0.0083727685554068
2451802,5.3553063518286,-1.6710359327384,-1.4479805414946,0.021371729328976,-0.0049330573375828,-0.0048504603012467,-0.51893963606529,-4.80306040522,-2.1280838292401,0.00080349902493447,-0.018498595710834,-0.008372768555295
2451803,5.3766780811505,-1.6759689900798,-1.4528310017967,0.021371729314829,-0.0049330573451285,-0.0048504603028859,-0.51813613703988,-4.8215590009306,-2.1364565977953,0.00080349902589386,-0.018498595710322,-0.0083727685551838
2451804,5.3980498104583,-1.6809020474286,-1.4576814621004,0.02137172930079,-0.0049330573526234,-0.0048504603045155,-0.51733263801351,-4.8400575966406,-2.1448293663505,0.00080349902684602,-0.018498595709814,-0.0083727685550733
2451805,5.4194215397521,-1.685835104785,-1.4625319224057,0.021371729286855,-0.004933057360068,-0.0048504603061354,-0.51652913898619,-4.8585561923502,-2.1532021349055,0.00080349902779101,-0.018498595709309,-0.0083727685549634
2451806,5.440793269032,-1.6907681621488,-1.4673823827127,0.021371729273026,-0.0049330573674629,-0.0048504603077459,-0.51572563995793,-4.8770547880593,-2.1615749034604,0.00080349902872894,-0.018498595708807,-0.0083727685548542
2451807,5.4621649982982,-1.6957012195199,-1.4722328430212,0.021371729259299,-0.0049330573748085,-0.0048504603093469,-0.51492214092873,-4.8955533837678,-2.1699476720152,0.00080349902965987,-0.018498595708309,-0.0083727685547456
2451808,5.4835367275506,-1.7006342768984,-1.4770833033313,0.021371729245675,-0.0049330573821054,-0.0048504603109386,-0.51411864189861,-4.9140519794759,-2.1783204405699,0.00080349903058387,-0.018498595707814,-0.0083727685546377
2451809,5.5049084567895,-1.7055673342841,-1.4819337636431,0.021371729232151,-0.0049330573893539,-0.004850460312521,-0.51331514286757,-4.9325505751835,-2.1866932091245,0.00080349903150104,-0.018498595707323,-0.0083727685545304
2451810,5.526280186015,-1.7105003916771,-1.4867842239564,0.021371729218727,-0.0049330573965547,-0.0048504603140943,-0.51251164383561,-4.9510491708905,-2.195065977679,0.00080349903241143,-0.018498595706834,-0.0083727685544237
2451811,5.547651915227,-1.7154334490772,-1.4916346842713,0.021371729205402,-0.004933057403708,-0.0048504603156584,-0.51170814480275,-4.9695477665971,-2.2034387462333,0.00080349903331513,-0.018498595706349,-0.0083727685543176
2451812,5.5690236444258,-1.7203665064845,-1.4964851445877,0.021371729192174,-0.0049330574108145,-0.0048504603172134,-0.51090464576898,-4.9880463623032,-2.2118115147876,0.00080349903421222,-0.018498595705867,-0.0083727685542121
2451813,5.5903953736114,-1.7252995638988,-1.5013356049057,0.021371729179043,-0.0049330574178745,-0.0048504603187595,-0.51010114673432,-5.0065449580089,-2.2201842833417,0.00080349903510275,-0.018498595705389,-0.0083727685541073
2451814,5.6117671027839,-1.7302326213202,-1.5061860652252,0.021371729166008,-0.0049330574248885,-0.0048504603202967,-0.50929764769878,-5.025043553714,-2.2285570518958,0.00080349903598681,-0.018498595704913,-0.008372768554003
2451815,5.6331388319434,-1.7351656787486,-1.5110365255463,0.021371729153067,-0.0049330574318569,-0.0048504603218251,-0.50849414866235,-5.0435421494187,-2.2369298204498,0.00080349903686446,-0.01849859570444,-0.0083727685538994
2451816,5.6545105610901,-1.7400987361839,-1.5158869858689,0.021371729140219,-0.0049330574387802,-0.0048504603233447,-0.50769064962505,-5.0620407451229,-2.2453025890036,0.00080349903773577,-0.018498595703971,-0.0083727685537963
2451817,5.6758822902239,-1.7450317936261,-1.520737446193,0.021371729127464,-0.0049330574456589,-0.0048504603248557,-0.50688715058688,-5.0805393408266,-2.2536753575573,0.00080349903860081,-0.018498595703504,-0.0083727685536938
2451818,5.697254019345,-1.7499648510752,-1.5255879065186,0.021371729114801,-0.0049330574524932,-0.004850460326358,-0.50608365154785,-5.0990379365299,-2.262048126111,0.00080349903945965,-0.018498595703041,-0.0083727685535919
2451819,5.7186257484535,-1.7548979085311,-1.5304383668457,0.021371729102227,-0.0049330574592837,-0.0048504603278518,-0.50528015250797,-5.1175365322327,-2.2704208946645,0.00080349904031235,-0.01849859570258,-0.0083727685534906
2451820,5.7399974775495,-1.7598309659937,-1.5352888271743,0.021371729089744,-0.0049330574660308,-0.0048504603293371,-0.50447665346723,-5.1360351279351,-2.278793663218,0.00080349904115898,-0.018498595702123,-0.0083727685533899
2451821,5.7613692066331,-1.7647640234631,-1.5401392875043,0.021371729077349,-0.0049330574727349,-0.0048504603308139,-0.50367315442565,-5.154533723637,-2.2871664317713,0.0008034990419996,-0.018498595701668,-0.0083727685532897
2451822,5.7827409357043,-1.7696970809392,-1.5449897478359,0.021371729065041,-0.0049330574793963,-0.0048504603322825,-0.50286965538323,-5.1730323193384,-2.2955392003246,0.00080349904283428,-0.018498595701216,-0.0083727685531901
2451823,5.8041126647632,-1.7746301384219,-1.5498402081689,0.021371729052821,-0.0049330574860156,-0.0048504603337428,-0.50206615633998,-5.1915309150394,-2.3039119688777,0.00080349904366308,-0.018498595700767,-0.0083727685530911
2451824,5.8254843938099,-1.7795631959112,-1.5546906685034,0.021371729040686,-0.004933057492593,-0.0048504603351948,-0.50126265729591,-5.2100295107399,-2.3122847374307,0.00080349904448606,-0.018498595700321,-0.0083727685529926
2451825,5.8468561228446,-1.7844962534071,-1.5595411288393,0.021371729028636,-0.0049330574991289,-0.0048504603366388,-0.50045915825101,-5.22852810644,-2.3206575059837,0.00080349904530327,-0.018498595699878,-0.0083727685528947
2451826,5.8682278518672,-1.7894293109095,-1.5643915891766,0.02137172901667,-0.0049330575056239,-0.0048504603380746,-0.4996556592053,-5.2470267021397,-2.3290302745365,0.00080349904611479,-0.018498595699438,-0.0083727685527973
2451827,5.8895995808779,-1.7943623684183,-1.5692420495154,0.021371729004787,-0.0049330575120781,-0.0048504603395024,-0.49885216015879,-5.2655252978389,-2.3374030430893,0.00080349904692068,-0.018498595699,-0.0083727685527005
2451828,5.9109713098768,-1.7992954259336,-1.5740925098557,0.021371728992987,-0.0049330575184921,-0.0048504603409223,-0.49804866111146,-5.2840238935377,-2.3457758116419,0.00080349904772097,-0.018498595698565,-0.0083727685526042
2451829,5.9323430388639,-1.8042284834553,-1.5789429701973,0.021371728981268,-0.0049330575248662,-0.0048504603423343,-0.49724516206335,-5.302522489236,-2.3541485801945,0.00080349904851575,-0.018498595698133,-0.0083727685525084
2451830,5.9537147678394,-1.8091615409833,-1.5837934305403,0.021371728969629,-0.0049330575312007,-0.0048504603437385,-0.49644166301443,-5.321021084934,-2.3625213487469,0.00080349904930506,-0.018498595697703,-0.0083727685524132
2451831,5.9750864968032,-1.8140945985177,-1.5886438908848,0.02137172895807,-0.0049330575374961,-0.0048504603451349,-0.49563816396474,-5.3395196806314,-2.3708941172993,0.00080349905008895,-0.018498595697276,-0.0083727685523185
2451832,5.9964582257556,-1.8190276560583,-1.5934943512306,0.021371728946591,-0.0049330575437526,-0.0048504603465236,-0.49483466491426,-5.3580182763285,-2.3792668858516,0.00080349905086749,-0.018498595696852,-0.0083727685522243
2451833,6.0178299546964,-1.8239607136052,-1.5983448115778,0.021371728935189,-0.0049330575499706,-0.0048504603479046,-0.494031165863,-5.3765168720252,-2.3876396544038,0.00080349905164073,-0.01849859569643,-0.0083727685521307
2451834,6.039201683626,-1.8288937711582,-1.6031952719264,0.021371728923865,-0.0049330575561505,-0.0048504603492781,-0.49322766681098,-5.3950154677214,-2.3960124229558,0.00080349905240872,-0.018498595696011,-0.0083727685520375
2451835,6.0605734125442,-1.8338268287175,-1.6080457322764,0.021371728912618,-0.0049330575622926,-0.0048504603506441,-0.49242416775819,-5.4135140634172,-2.4043851915078,0.00080349905317152,-0.018498595695594,-0.0083727685519449
2451836,6.0819451414512,-1.8387598862828,-1.6128961926277,0.021371728901446,-0.0049330575683973,-0.0048504603520025,-0.49162066870464,-5.4320126591126,-2.4127579600597,0.00080349905392917,-0.01849859569518,-0.0083727685518528
2451837,6.1033168703471,-1.8436929438542,-1.6177466529804,0.02137172889035,-0.0049330575744649,-0.0048504603533536,-0.49081716965033,-5.4505112548075,-2.4211307286115,0.00080349905468174,-0.018498595694769,-0.0083727685517611
2451838,6.1246885992319,-1.8486260014317,-1.6225971133344,0.021371728879327,-0.0049330575804957,-0.0048504603546973,-0.49001367059528,-5.4690098505021,-2.4295034971633,0.00080349905542926,-0.01849859569436,-0.00837276855167
2451839,6.1460603281058,-1.8535590590152,-1.6274475736897,0.021371728868379,-0.0049330575864901,-0.0048504603560338,-0.48921017153947,-5.4875084461963,-2.4378762657149,0.00080349905617179,-0.018498595693953,-0.0083727685515794
2451840,6.1674320569687,-1.8584921166047,-1.6322980340464,0.021371728857503,-0.0049330575924484,-0.004850460357363,-0.48840667248293,-5.50600704189,-2.4462490342664,0.00080349905690938,-0.018498595693549,-0.0083727685514892
2451841,6.1888037858208,-1.8634251742001,-1.6371484944045,0.021371728846699,-0.0049330575983709,-0.004850460358685,-0.48760317342566,-5.5245056375834,-2.4546218028179,0.00080349905764209,-0.018498595693147,-0.0083727685513996
2451842,6.2101755146621,-1.8683582318014,-1.6419989547638,0.021371728835967,-0.0049330576042579,-0.0048504603599999,-0.48679967436765,-5.5430042332763,-2.4629945713692,0.00080349905836994,-0.018498595692748,-0.0083727685513104
2451843,6.2315472434928,-1.8732912894086,-1.6468494151245,0.021371728825305,-0.0049330576101098,-0.0048504603613077,-0.48599617530892,-5.5615028289689,-2.4713673399205,0.00080349905909301,-0.018498595692351,-0.0083727685512217
2451844,6.2529189723128,-1.8782243470216,-1.6516998754864,0.021371728814713,-0.0049330576159268,-0.0048504603626085,-0.48519267624947,-5.580001424661,-2.4797401084717,0.00080349905981132,-0.018498595691957,-0.0083727685511335
2451845,6.2742907011222,-1.8831574046404,-1.6565503358497,0.021371728804191,-0.0049330576217093,-0.0048504603639024,-0.4843891771893,-5.5985000203528,-2.4881128770227,0.00080349906052493,-0.018498595691565,-0.0083727685510457
2451846,6.2956624299212,-1.888090462265,-1.6614007962142,0.021371728793737,-0.0049330576274576,-0.0048504603651893,-0.48358567812842,-5.6169986160441,-2.4964856455737,0.00080349906123389,-0.018498595691175,-0.0083727685509584
2451847,6.3170341587097,-1.8930235198954,-1.6662512565801,0.021371728783352,-0.0049330576331719,-0.0048504603664694,-0.48278217906683,-5.6354972117351,-2.5048584141247,0.00080349906193824,-0.018498595690787,-0.0083727685508716
2451848,6.3384058874879,-1.8979565775314,-1.6711017169472,0.021371728773033,-0.0049330576388526,-0.0048504603677427,-0.48197868000454,-5.6539958074257,-2.5132311826755,0.00080349906263802,-0.018498595690402,-0.0083727685507853
2451849,6.3597776162558,-1.902889635173,-1.6759521773155,0.021371728762782,-0.0049330576444999,-0.0048504603690092,-0.48117518094156,-5.6724944031159,-2.5216039512262,0.00080349906333327,-0.018498595690019,-0.0083727685506994
2451850,6.3811493450135,-1.9078226928204,-1.6808026376852,0.021371728752596,-0.0049330576501142,-0.004850460370269,-0.48037168187788,-5.6909929988058,-2.5299767197769,0.00080349906402405,-0.018498595689638,-0.0083727685506139
2451851,6.402521073761,-1.9127557504733,-1.6856530980561,0.021371728742476,-0.0049330576556957,-0.0048504603715222,-0.47956818281351,-5.7094915944952,-2.5383494883275,0.0008034990647104,-0.01849859568926,-0.0083727685505289
2451852,6.4238928024985,-1.9176888081317,-1.6905035584282,0.021371728732421,-0.0049330576612447,-0.0048504603727688,-0.47876468374846,-5.7279901901843,-2.5467222568779,0.00080349906539235,-0.018498595688883,-0.0083727685504444
2451853,6.4452645312259,-1.9226218657957,-1.6953540188016,0.021371728722429,-0.0049330576667615,-0.0048504603740088,-0.47796118468273,-5.746488785873,-2.5550950254283,0.00080349906606995,-0.018498595688509,-0.0083727685503603
2451854,6.4666362599434,-1.9275549234652,-1.7002044791762,0.021371728712502,-0.0049330576722464,-0.0048504603752424,-0.47715768561632,-5.7649873815613,-2.5634677939787,0.00080349906674323,-0.018498595688137,-0.0083727685502767
2451855,6.4880079886509,-1.9324879811402,-1.7050549395521,0.021371728702637,-0.0049330576776996,-0.0048504603764694,-0.47635418654924,-5.7834859772492,-2.5718405625289,0.00080349906741225,-0.018498595687767,-0.0083727685501934
2451856,6.5093797173486,-1.9374210388206,-1.7099053999292,0.021371728692835,-0.0049330576831215,-0.0048504603776901,-0.4755506874815,-5.8019845729368,-2.5802133310791,0.00080349906807704,-0.0184985956874,-0.0083727685501106
2451857,6.5307514460366,-1.9423540965065,-1.7147558603075,0.021371728683094,-0.0049330576885122,-0.0048504603789045,-0.47474718841309,-5.820483168624,-2.5885860996291,0.00080349906873765,-0.018498595687034,-0.0083727685500283
2451858,6.5521231747149,-1.9472871541977,-1.719606320687,0.021371728673414,-0.0049330576938721,-0.0048504603801125,-0.47394368934402,-5.8389817643109,-2.5969588681791,0.0008034990693941,-0.018498595686671,-0.0083727685499464
2451859,6.5734949033835,-1.9522202118942,-1.7244567810677,0.021371728663796,-0.0049330576992014,-0.0048504603813142,-0.4731401902743,-5.8574803599974,-2.605331636729,0.00080349907004644,-0.018498595686309,-0.0083727685498649
2451860,6.5948666320425,-1.957153269596,-1.7293072414496,0.021371728654237,-0.0049330577045004,-0.0048504603825098,-0.47233669120393,-5.8759789556835,-2.6137044052788,0.00080349907069471,-0.01849859568595,-0.0083727685497838
2451861,6.6162383606919,-1.9620863273032,-1.7341577018327,0.021371728644738,-0.0049330577097692,-0.0048504603836992,-0.47153319213291,-5.8944775513693,-2.6220771738286,0.00080349907133894,-0.018498595685593,-0.0083727685497031
2451862,6.637610089332,-1.9670193850156,-1.739008162217,0.021371728635297,-0.0049330577150083,-0.0048504603848825,-0.47072969306126,-5.9129761470547,-2.6304499423782,0.00080349907197918,-0.018498595685237,-0.0083727685496229
2451863,6.6589818179626,-1.9719524427332,-1.7438586226025,0.021371728625915,-0.0049330577202178,-0.0048504603860596,-0.46992619398896,-5.9314747427398,-2.6388227109278,0.00080349907261546,-0.018498595684884,-0.008372768549543
2451864,6.6803535465838,-1.976885500456,-1.7487090829891,0.021371728616591,-0.004933057725398,-0.0048504603872308,-0.46912269491603,-5.9499733384245,-2.6471954794773,0.00080349907324781,-0.018498595684533,-0.0083727685494636
2451865,6.7017252751958,-1.981818558184,-1.7535595433769,0.021371728607324,-0.004933057730549,-0.004850460388396,-0.46831919584246,-5.9684719341088,-2.6555682480268,0.00080349907387628,-0.018498595684183,-0.0083727685493846
2451866,6.7230970037985,-1.9867516159171,-1.7584100037659,0.021371728598114,-0.0049330577356713,-0.0048504603895552,-0.46751569676827,-5.9869705297928,-2.6639410165761,0.00080349907450089,-0.018498595683836,-0.008372768549306
2451867,6.744468732392,-1.9916846736553,-1.763260464156,0.021371728588961,-0.0049330577407649,-0.0048504603907086,-0.46671219769346,-6.0054691254765,-2.6723137851254,0.00080349907512168,-0.01849859568349,-0.0083727685492277
2451868,6.7658404609764,-1.9966177313986,-1.7681109245473,0.021371728579863,-0.0049330577458302,-0.004850460391856,-0.46590869861803,-6.0239677211598,-2.6806865536746,0.0008034990757387,-0.018498595683147,-0.0083727685491499
2451869,6.7872121895518,-2.001550789147,-1.7729613849398,0.02137172857082,-0.0049330577508674,-0.0048504603929977,-0.46510519954199,-6.0424663168428,-2.6890593222237,0.00080349907635196,-0.018498595682805,-0.0083727685490725
2451870,6.8085839181181,-2.0064838469003,-1.7778118453333,0.021371728561832,-0.0049330577558767,-0.0048504603941336,-0.46430170046533,-6.0609649125254,-2.6974320907727,0.00080349907696152,-0.018498595682466,-0.0083727685489955
2451871,6.8299556466754,-2.0114169046587,-1.782662305728,0.021371728552899,-0.0049330577608582,-0.0048504603952638,-0.46349820138806,-6.0794635082077,-2.7058048593217,0.00080349907756739,-0.018498595682128,-0.0083727685489188
2451872,6.8513273752239,-2.016349962422,-1.7875127661238,0.021371728544019,-0.0049330577658124,-0.0048504603963883,-0.4626947023102,-6.0979621038897,-2.7141776278705,0.00080349907816961,-0.018498595681792,-0.0083727685488426
2451873,6.8726991037635,-2.0212830201903,-1.7923632265208,0.021371728535192,-0.0049330577707393,-0.0048504603975071,-0.46189120323173,-6.1164606995713,-2.7225503964193,0.00080349907876822,-0.018498595681458,-0.0083727685487667
2451874,6.8940708322943,-2.0262160779635,-1.7972136869189,0.021371728526418,-0.0049330577756393,-0.0048504603986204,-0.46108770415266,-6.1349592952526,-2.7309231649681,0.00080349907936325,-0.018498595681125,-0.0083727685486912
2451875,6.9154425608163,-2.0311491357416,-1.802064147318,0.021371728517697,-0.0049330577805125,-0.0048504603997281,-0.460284205073,-6.1534578909336,-2.7392959335167,0.00080349907995473,-0.018498595680795,-0.0083727685486161
2451876,6.9368142893297,-2.0360821935245,-1.8069146077183,0.021371728509028,-0.0049330577853591,-0.0048504604008302,-0.45948070599275,-6.1719564866142,-2.7476687020653,0.00080349908054269,-0.018498595680466,-0.0083727685485413
2451877,6.9581860178344,-2.0410152513123,-1.8117650681197,0.02137172850041,-0.0049330577901793,-0.0048504604019269,-0.45867720691192,-6.1904550822945,-2.7560414706138,0.00080349908112716,-0.018498595680139,-0.0083727685484669
2451878,6.9795577463305,-2.0459483091049,-1.8166155285222,0.021371728491842,-0.0049330577949735,-0.0048504604030182,-0.4578737078305,-6.2089536779745,-2.7644142391622,0.00080349908170817,-0.018498595679814,-0.0083727685483929
2451879,7.0009294748181,-2.0508813669022,-1.8214659889257,0.021371728483326,-0.0049330577997417,-0.004850460404104,-0.4570702087485,-6.2274522736541,-2.7727870077106,0.00080349908228576,-0.018498595679491,-0.0083727685483193
2451880,7.0223012032972,-2.0558144247044,-1.8263164493304,0.021371728474859,-0.0049330578044842,-0.0048504604051845,-0.45626670966593,-6.2459508693335,-2.7811597762589,0.00080349908285995,-0.018498595679169,-0.008372768548246
2451881,7.0436729317679,-2.0607474825112,-1.8311669097361,0.021371728466442,-0.0049330578092012,-0.0048504604062596,-0.45546321058278,-6.2644494650125,-2.7895325448071,0.00080349908343078,-0.018498595678849,-0.0083727685481731
2451882,7.0650446602301,-2.0656805403227,-1.8360173701429,0.021371728458075,-0.0049330578138929,-0.0048504604073295,-0.45465971149907,-6.2829480606912,-2.7979053133552,0.00080349908399826,-0.018498595678531,-0.0083727685481005
2451883,7.086416388684,-2.070613598139,-1.8408678305508,0.021371728449756,-0.0049330578185595,-0.0048504604083941,-0.45385621241479,-6.3014466563695,-2.8062780819033,0.00080349908456245,-0.018498595678214,-0.0083727685480283
2451884,7.1077881171296,-2.0755466559599,-1.8457182909597,0.021371728441485,-0.0049330578232012,-0.0048504604094535,-0.45305271332994,-6.3199452520476,-2.8146508504513,0.00080349908512335,-0.0184985956779,-0.0083727685479565
2451885,7.129159845567,-2.0804797137854,-1.8505687513697,0.021371728433263,-0.0049330578278182,-0.0048504604105077,-0.45224921424454,-6.3384438477253,-2.8230236189992,0.000803499085681,-0.018498595677587,-0.008372768547885
2451886,7.1505315739962,-2.0854127716155,-1.8554192117807,0.021371728425088,-0.0049330578324107,-0.0048504604115568,-0.45144571515858,-6.3569424434028,-2.8313963875471,0.00080349908623543,-0.018498595677275,-0.0083727685478138
2451887,7.1719033024172,-2.0903458294502,-1.8602696721928,0.02137172841696,-0.0049330578369788,-0.0048504604126007,-0.45064221607207,-6.3754410390799,-2.8397691560948,0.00080349908678666,-0.018498595676965,-0.008372768547743
2451888,7.1932750308301,-2.0952788872894,-1.8651201326059,0.021371728408878,-0.0049330578415229,-0.0048504604136397,-0.44983871698501,-6.3939396347567,-2.8481419246425,0.00080349908733473,-0.018498595676657,-0.0083727685476726
2451889,7.214646759235,-2.1002119451332,-1.86997059302,0.021371728400843,-0.004933057846043,-0.0048504604146735,-0.4490352178974,-6.4124382304332,-2.8565146931902,0.00080349908787965,-0.018498595676351,-0.0083727685476025
2451890,7.2360184876318,-2.1051450029815,-1.8748210534352,0.021371728392854,-0.0049330578505393,-0.0048504604157024,-0.44823171880925,-6.4309368261094,-2.8648874617377,0.00080349908842146,-0.018498595676046,-0.0083727685475327
2451891,7.2573902160207,-2.1100780608343,-1.8796715138515,0.021371728384911,-0.0049330578550121,-0.0048504604167264,-0.44742821972056,-6.4494354217853,-2.8732602302852,0.00080349908896019,-0.018498595675742,-0.0083727685474632
2451892,7.2787619444017,-2.1150111186915,-1.8845219742687,0.021371728377012,-0.0049330578594615,-0.0048504604177454,-0.44662472063133,-6.4679340174609,-2.8816329988327,0.00080349908949585,-0.018498595675441,-0.0083727685473941
2451893,7.3001336727747,-2.1199441765532,-1.8893724346869,0.021371728369159,-0.0049330578638877,-0.0048504604187595,-0.44582122154157,-6.4864326131362,-2.89000576738,0.00080349909002848,-0.01849859567514,-0.0083727685473254
2451894,7.32150540114,-2.1248772344193,-1.8942228951062,0.021371728361349,-0.0049330578682909,-0.0048504604197687,-0.44501772245128,-6.5049312088112,-2.8983785359273,0.0008034990905581,-0.018498595674842,-0.0083727685472569
2451895,7.3428771294975,-2.1298102922898,-1.8990733555265,0.021371728353584,-0.0049330578726712,-0.0048504604207731,-0.44421422336046,-6.5234298044858,-2.9067513044745,0.00080349909108474,-0.018498595674545,-0.0083727685471888
2451896,7.3642488578472,-2.1347433501646,-1.9039238159477,0.021371728345862,-0.0049330578770289,-0.0048504604217728,-0.44341072426911,-6.5419284001602,-2.9151240730217,0.00080349909160842,-0.018498595674249,-0.008372768547121
2451897,7.3856205861892,-2.1396764080438,-1.90877427637,0.021371728338184,-0.0049330578813641,-0.0048504604227677,-0.44260722517724,-6.5604269958343,-2.9234968415688,0.00080349909212916,-0.018498595673955,-0.0083727685470535
2451898,7.4069923145236,-2.1446094659274,-1.9136247367933,0.021371728330548,-0.004933057885677,-0.0048504604237578,-0.44180372608485,-6.5789255915082,-2.9318696101158,0.000803499092647,-0.018498595673663,-0.0083727685469864
2451899,7.4283640428503,-2.1495425238152,-1.9184751972175,0.021371728322956,-0.0049330578899677,-0.0048504604247433,-0.44100022699195,-6.5974241871817,-2.9402423786628,0.00080349909316195,-0.018498595673372,-0.0083727685469195
2451900,7.4497357711695,-2.1544755817073,-1.9233256576428,0.021371728315405,-0.0049330578942365,-0.0048504604257241,-0.44019672789853,-6.6159227828549,-2.9486151472096,0.00080349909367404,-0.018498595673082,-0.008372768546853
2451901,7.4711074994811,-2.1594086396036,-1.928176118069,0.021371728307896,-0.0049330578984834,-0.0048504604267003,-0.4393932288046,-6.6344213785278,-2.9569879157565,0.00080349909418329,-0.018498595672794,-0.0083727685467868
2451902,7.4924792277853,-2.1643416975042,-1.9330265784962,0.021371728300428,-0.0049330579027087,-0.0048504604276719,-0.43858972971016,-6.6529199742005,-2.9653606843032,0.00080349909468972,-0.018498595672508,-0.0083727685467209
2451903,7.513850956082,-2.1692747554091,-1.9378770389243,0.021371728293002,-0.0049330579069125,-0.0048504604286389,-0.43778623061522,-6.6714185698729,-2.9737334528499,0.00080349909519337,-0.018498595672222,-0.0083727685466553
2451904,7.5352226843713,-2.1742078133181,-1.9427274993534,0.021371728285617,-0.004933057911095,-0.0048504604296014,-0.43698273151978,-6.6899171655449,-2.9821062213965,0.00080349909569425,-0.018498595671939,-0.0083727685465901
2451905,7.5565944126532,-2.1791408712312,-1.9475779597835,0.021371728278272,-0.0049330579152563,-0.0048504604305594,-0.43617923242383,-6.7084157612167,-2.9904789899431,0.00080349909619238,-0.018498595671657,-0.0083727685465251
2451906,7.5779661409279,-2.1840739291486,-1.9524284202146,0.021371728270967,-0.0049330579193966,-0.0048504604315129,-0.43537573332739,-6.7269143568882,-2.9988517584896,0.00080349909668779,-0.018498595671376,-0.0083727685464604
2451907,7.5993378691952,-2.18900698707,-1.9572788806465,0.021371728263702,-0.0049330579235161,-0.004850460432462,-0.43457223423046,-6.7454129525595,-3.007224527036,0.0008034990971805,-0.018498595671096,-0.0083727685463961
2451908,7.6207095974553,-2.1939400449956,-1.9621293410795,0.021371728256476,-0.0049330579276149,-0.0048504604334067,-0.43376873513303,-6.7639115482304,-3.0155972955824,0.00080349909767053,-0.018498595670818,-0.008372768546332
2451909,7.6420813257082,-2.1988731029252,-1.9669798015134,0.02137172824929,-0.0049330579316932,-0.004850460434347,-0.43296523603512,-6.7824101439011,-3.0239700641287,0.0008034990981579,-0.018498595670542,-0.0083727685462682
