time,1x1,1x2,1x3,1v1,1v2,1v32x1,2x2,2x3,2v1,2v2,2v3
2451545,0,0,0,0,0,0,-0.1771350998034,0.88742852243546,0.38474289861126,-0.017207625066858,-0.0028981677276473,-0.0012563950525523
2451546,-8.5467530732985e-11,4.1430132270108e-10,1.7961954295498e-10,-1.7361179505933e-10,8.2813164825589e-10,3.590349015806e-10,-0.19431426846437,0.88439241312345,0.38342669924967,-0.017149821036888,-0.0031738940779165,-0.0013759356874749
2451547,-3.5256763566105e-10,1.6552761364262e-09,7.1764185295905e-10,-3.6325527817096e-10,1.653301895672e-09,7.1678598698313e-10,-0.21143296257774,0.88108106295447,0.38199116972229,-0.017086679257968,-0.0034486344300693,-0.0014950488759282
2451548,-8.1730143274022e-10,3.7198279589005e-09,1.6127245495221e-09,-5.6886835145884e-10,2.4752407649844e-09,1.0731362080473e-09,-0.22848585457289,0.87749550290201,0.38043675697456,-0.01701822040558,-0.0037222988952025,-0.0016136956467388
2451549,-1.4956050734358e-09,6.6045909063528e-09,2.8634084535999e-09,-7.9038318444624e-10,3.2936794493745e-09,1.4279690240234e-09,-0.24546763850976,0.87363685363671,0.37876394684001,-0.016944467063876,-0.0039947979741125,-0.0017318371976757
2451550,-2.4033440245193e-09,1.030593092058e-08,4.4681181195519e-09,-1.027726243361e-09,4.1083504255921e-09,1.7811684506171e-09,-0.26237303198276,0.8695063251179,0.37697326386311,-0.016865443715917,-0.0042660425949596,-0.0018494349117794
2451551,-3.5563073806972e-09,1.4819947108779e-08,6.4251624159896e-09,-1.2808183234911e-09,4.9189875663565e-09,2.1326191087203e-09,-0.27919677801436,0.86510521614746,0.37506527110589,-0.016781176732903,-0.0045359441506921,-0.0019664503735873
2451552,-4.9702022111107e-09,2.0142473195387e-08,8.7327351551842e-09,-1.5495745845647e-09,5.7253262519525e-09,2.4822062727935e-09,-0.29593364693747,0.86043491388642,0.37304056993836,-0.016691694362396,-0.004804414536202,-0.0020828453852426
2451553,-6.6606479427156e-09,2.6269079085074e-08,1.1388915770669e-08,-1.8339045891268e-09,6.5271034809414e-09,2.829815918865e-09,-0.31257843826541,0.85549689333458,0.37089979981295,-0.016597026715537,-0.0050713661851863,-0.0021985819824751
2451554,-8.6431707835244e-09,3.3195072535982e-08,1.4391670042631e-08,-2.1337123438814e-09,7.324057979907e-09,3.1753347721103e-09,-0.32912598254877,0.85029271677339,0.36864363802294,-0.016497205753285,-0.005336712106687,-0.0023136224504431
2451555,-1.0933198188659e-08,4.0915500942188e-08,1.7738850870666e-08,-2.4488963439641e-09,8.1159303121596e-09,3.5186503539813e-09,-0.34557114321789,0.84482403317253,0.36627279944519,-0.016392265271673,-0.0056003659212839,-0.0024279293394253
2451556,-1.3546053372126e-08,4.9425153224315e-08,2.1428199093413e-08,-2.7793496201086e-09,8.9024629853178e-09,3.859651028848e-09,-0.36190881841019,0.83909257756034,0.36378803626727,-0.016282240886108,-0.0058622418969142,-0.0025414654803496
2451557,-1.6496949867189e-08,5.871856182714e-08,2.5457344354582e-08,-3.1249597886675e-09,9.6834005576958e-09,4.1982260501227e-09,-0.37813394278127,0.83310017035879,0.36119013769905,-0.016167170014716,-0.0061222549842939,-0.0026541940001508
2451558,-1.9800986138171e-08,6.8790004822956e-08,2.9823806014829e-08,-3.4856091044439e-09,1.0458489743418e-08,4.5342656058327e-09,-0.39424148929893,0.82684871668316,0.35847992966917,-0.016047091860746,-0.0063803208519158,-0.0027660783369433
2451559,-2.3473140246476e-08,7.9633508119381e-08,3.4524994108915e-08,-3.8611745162889e-09,1.1227479516191e-08,4.86766086361e-09,-0.41022647101912,0.8203402056069,0.3556582745063,-0.015922047394068,-0.0066363559206002,-0.002877082255001
2451560,-2.7528264573568e-08,9.1242847770239e-08,3.9558210347554e-08,-4.2515277254175e-09,1.1990121211659e-08,5.1983040150681e-09,-0.42608394284289,0.81357670939228,0.35272607060558,-0.015792079331749,-0.0068902773975746,-0.0029871698595323
2451561,-3.1981080603608e-08,1.0361155238806e-07,4.4920649163311e-08,-4.6565352463907e-09,1.2746168628272e-08,5.526088319534e-09,-0.44180900325355,0.80656038268712,0.34968425208041,-0.015657232117753,-0.0071420033100576,-0.0030963056112406
2451562,-3.6846173768385e-08,1.1673290565668e-07,5.0609398799906e-08,-5.0760584707129e-09,1.3495378126608e-08,5.8509081471068e-09,-0.45739679603303,0.79929346168822,0.34653378839977,-0.015517551901764,-0.0073914525383271,-0.003204454340661
2451563,-4.213798835712e-08,1.3059994894234e-07,5.6621442444225e-08,-5.509953732988e-09,1.4237508727061e-08,6.1726590210146e-09,-0.47284251195667,0.79177826327199,0.34327568401127,-0.015373086517162,-0.0076385448482479,-0.0033115812622626
2451564,-4.7870822493695e-08,1.4520548400169e-07,6.2953659400318e-08,-5.9580723795761e-09,1.4972322205863e-08,6.4912376592403e-09,-0.48814139046553,0.78401718409286,0.33991097795032,-0.015223885458162,-0.0078832009232396,-0.003417651988308
2451565,-5.4058823183755e-08,1.6054207578485e-07,6.960282630466e-08,-6.4202608396922e-09,1.5699583189343e-08,6.8065420153913e-09,-0.50328872131549,0.77601269964994,0.3364407434355,-0.015069999856142,-0.0081253423956617,-0.0035226325424609
2451566,-6.0715981434105e-08,1.7660205533193e-07,7.6565618381879e-08,-6.8963606988834e-09,1.6419059246389e-08,7.1184713187849e-09,-0.51827984620222,0.76776736332266,0.33286608745043,-0.014911482455177,-0.0083648918775987,-0.0036264893731325
2451567,-6.7856127446747e-08,1.9337752276104e-07,8.3838610740178e-08,-7.3862087748219e-09,1.7130520979042e-08,7.4269261137258e-09,-0.53311016036132,0.75928380537592,0.32918815031249,-0.014748387586807,-0.0086017729910227,-0.0037291893665589
2451568,-7.5492925889848e-08,2.1086035034594e-07,9.1418279705609e-08,-7.8896371953469e-09,1.7833742111169e-08,7.7318082979505e-09,-0.54777511414289,0.75056473193537,0.32540810522859,-0.014580771144053,-0.0088359103973179,-0.0038306998596012
2451569,-8.363987124783e-08,2.2904218568137e-07,9.9301004194378e-08,-8.4064734786874e-09,1.8528499575164e-08,8.0330211602159e-09,-0.56227021455968,0.74161292393351,0.3215271578382,-0.014408690554701,-0.0090672298261464,-0.0039309886522605
2451570,-9.2310283252763e-08,2.4791445493408e-07,1.0748306712229e-07,-8.9365406157973e-09,1.9214573596615e-08,8.3304694170091e-09,-0.57659102680821,0.73243123602727,0.31754654574415,-0.014232204753898,-0.0092956581036404,-0.0040300240199007
2451571,-1.0151730239911e-07,2.6746836617755e-07,1.1596065685046e-07,-9.479657154731e-09,1.9891747776911e-08,8.6240592483587e-09,-0.59073317576215,0.72302259548772,0.31346753803122,-0.01405137415605,-0.009521123179903,-0.0041277747251716
2451572,-1.1127388554382e-07,2.8769491280814e-07,1.2472986866638e-07,-1.0035637286986e-08,2.0559809173711e-08,8.9136983327247e-09,-0.60469234743726,0.71339000106264,0.30929143477305,-0.01386626062608,-0.009743554155803,-0.0042242100296255
2451573,-1.2159280159377e-07,3.0858487704071e-07,1.337867062994e-07,-1.0604290935742e-08,2.1218548379256e-08,9.199295880951e-09,-0.61846429042727,0.70353652181269,0.30501956652757,-0.013676927450046,-0.0099628813090482,-0.0043192997050221
2451574,-1.3248662728229e-07,3.301288334815e-07,1.431270834697e-07,-1.1185423845914e-08,2.1867759596477e-08,9.4807626692605e-09,-0.63204481731005,0.69346529592178,0.30065329382123,-0.013483439305159,-0.010179036119524,-0.0044130140443134
2451575,-1.4396774303669e-07,3.5231715277586e-07,1.5274682546976e-07,-1.1778837675949e-08,2.2507240712848e-08,9.7580110712757e-09,-0.64542980602357,0.6831795294826,0.29619400662249,-0.01328586222922,-0.010391951293886,-0.0045053238723059
2451576,-1.5604832893835e-07,3.7514000532882e-07,1.6264167077735e-07,-1.2384330091294e-08,2.313679337196e-08,1.003095508905e-08,-0.65861520121092,0.6726824952578,0.29164312380475,-0.013084263589499,-0.010601560789387,-0.0045962005559917
2451577,-1.6874036077715e-07,3.98587365096e-07,1.7280727269905e-07,-1.3001694859432e-08,2.3756223042782e-08,1.0299510383096e-08,-0.67159701553406,0.66197753141788,0.28700209259917,-0.01287871205109,-0.010807799836939,-0.0046856160145467
2451578,-1.8205560620163e-07,4.2264901344267e-07,1.8323920104333e-07,-1.3630721946447e-08,2.4365339086568e-08,1.0563594301392e-08,-0.68437133095557,0.65106804025626,0.28227238803756,-0.012669277544767,-0.011010604963391,-0.0047735427289887
2451579,-1.9600562096649e-07,4.4731454306849e-07,1.9393294382205e-07,-1.4271197614995e-08,2.4963954821388e-08,1.0823125907362e-08,-0.69693429998807,0.63995748688256,0.27745551238593,-0.012456031234357,-0.011209914013013,-0.0048599537514925
2451580,-2.1060174527869e-07,4.7257336199556e-07,2.0488390897952e-07,-1.492290452363e-08,2.5551887584259e-08,1.1078026006811e-08,-0.70928214691077,0.62864939789476,0.27255299456878,-0.012239045483671,-0.011405666168182,-0.004944822714359
2451581,-2.2585510024359e-07,4.9841469761747e-07,2.1608742614784e-07,-1.5585621827396e-08,2.6128958790846e-08,1.1328217173811e-08,-0.72141116895275,0.61714736003111,0.26756638958463,-0.012018393823017,-0.011597801969263,-0.0050281238386327
2451582,-2.4177658441214e-07,5.2482760080675e-07,2.2753874842771e-07,-1.6259125279592e-08,2.6694993992719e-08,1.1573623775522e-08,-0.73331773744255,0.60545501880251,0.26249727791312,-0.011794150915312,-0.011786263333667,-0.0051098319423673
2451583,-2.5837687043059e-07,5.5180095007839e-07,2.3923305419349e-07,-1.6943187334645e-08,2.7249822932139e-08,1.1814171995947e-08,-0.74499829892364,0.5935760771063,0.25734726491405,-0.011566392521832,-0.011970993574097,-0.0051899224485341
2451584,-2.756664017934e-07,5.7932345580688e-07,2.5116544892146e-07,-1.7637577251997e-08,2.7793279594367e-08,1.2049789858612e-08,-0.7564493762356,0.58151429382216,0.2521179802186,-0.011335195467621,-0.012151937415962,-0.0052683713925729
2451585,-2.9365538970063e-07,6.0738366449434e-07,2.6333096704021e-07,-1.8342061200934e-08,2.8325202257478e-08,1.228040724816e-08,-0.76766756956037,0.56927348239109,0.24681107711327,-0.011100637606594,-0.012329041013963,-0.005345155429583
2451586,-3.1235381002052e-07,6.3596996308716e-07,2.7572457380214e-07,-1.9056402366255e-08,2.884543353967e-08,1.2505955930867e-08,-0.7786495574336,0.55685750937813,0.24142823191679,-0.010862797786349,-0.012502251967846,-0.0054202518411519
2451587,-3.3177140035824e-07,6.6507058333881e-07,2.8834116717488e-07,-1.978036105473e-08,2.9353820444058e-08,1.2726369574057e-08,-0.78939209772062,0.54427029301981,0.23597114335033,-0.010621755812721,-0.012671519337311,-0.0054936385418223
2451588,-3.5191765723129e-07,6.94673606216e-07,3.0117557975158e-07,-2.0513694802234e-08,2.9850214400953e-08,1.2941583764437e-08,-0.79989202855687,0.53151580175707,0.23044153190148,-0.010377592414119,-0.012836793656097,-0.0055652940851948
2451589,-3.7280183335248e-07,7.2476696634605e-07,3.1422258067902e-07,-2.1256158481497e-08,3.033447130762e-08,1.3151536025334e-08,-0.81014626925253,0.51859805275455,0.2248411391823,-0.010130389205641,-0.012998026945211,-0.0056351976696669
2451590,-3.9443293502088e-07,7.5533845650265e-07,3.2747687760241e-07,-2.200750441038e-08,3.0806451565515e-08,1.3356165832837e-08,-0.82015182116123,0.50552111040704,0.2191717272818,-0.0098802286530326,-0.013155172725333,-0.0057033291438086
2451591,-4.1681971962126e-07,7.8637573212758e-07,3.4093311862572e-07,-2.2767482460594e-08,3.1266020115e-08,1.3555414630852e-08,-0.82990576851256,0.49228908483399,0.21343507811323,-0.0096271940364815,-0.013308186028368,-0.0057696690113742
2451592,-4.3997069323248e-07,8.17866315886e-07,3.5458589428661e-07,-2.3535840166796e-08,3.171304646755e-08,1.3749225845062e-08,-0.83940527920843,0.47890613036278,0.20763299275655,-0.0093713694142992,-0.013457023408177,-0.0058341984359505
2451593,-4.6389410834508e-07,8.4979760225254e-07,3.6842973954472e-07,-2.4312322835963e-08,3.2147404735448e-08,1.3937544895805e-08,-0.8486476055829,0.46537644400185,0.2017672907964,-0.0091128395865026,-0.013601642950455,-0.0058968992452443
2451594,-4.8859796168841e-07,8.8215686212597e-07,3.8245913578231e-07,-2.5096673656982e-08,3.2568973658985e-08,1.4120319209864e-08,-0.85763008512576,0.45170426390419,0.195839809656,-0.0088516900583257,-0.013742004281794,-0.0059577539350085
2451595,-5.1408999216736e-07,9.1493124746977e-07,3.9666851281616e-07,-2.5888633810378e-08,3.2977636631169e-08,1.4297498231185e-08,-0.86635014116936,0.43789386782228,0.18985240392732,-0.008588007003688,-0.013878068577909,-0.0060167456726095
2451596,-5.4037767890892e-07,9.4810779597612e-07,4.1105225091964e-07,-2.6687942578085e-08,3.3373281719971e-08,1.4469033430515e-08,-0.87480528353913,0.42394957155523,0.18380694469777,-0.008321877228643,-0.014009798571042,-0.0060738583002378
2451597,-5.6746823941845e-07,9.8167343575104e-07,4.2560468285389e-07,-2.7494337453217e-08,3.3755801688105e-08,1.4634878313986e-08,-0.88299310916738,0.40987572738884,0.17770531887398,-0.0080533881348325,-0.014137158556547,-0.0061290763377643
2451598,-5.9536862784572e-07,1.0156149900179e-06,4.4032009590703e-07,-2.8307554249735e-08,3.4125094010374e-08,1.479498843063e-08,-0.89091130267062,0.39567672252959,0.17154942850279,-0.0077826276829726,-0.014260114398672,-0.0061823849852437
2451599,-6.240855333605e-07,1.0499191818374e-06,4.5519273394043e-07,-2.9127327211951e-08,3.4481060888598e-08,1.4949321378855e-08,-0.89855763689043,0.38135697753312,0.16534119008999,-0.0075096843563924,-0.014378633535522,-0.0062337701250702
2451600,-6.5362537863761e-07,1.0845726388406e-06,4.7021679944085e-07,-2.9953389123806e-08,3.482360926415e-08,1.5097836811879e-08,-0.90592997339789,0.36692094472831,0.15908253391705,-0.007234647124653,-0.014492684983236,-0.0062832183237865
2451601,-6.8399431845105e-07,1.1195618979743e-06,4.8538645557755e-07,-3.0785471417829e-08,3.5152650828108e-08,1.5240496442132e-08,-0.91302626296158,0.35237310663741,0.15277540335617,-0.006957605407267,-0.014602239339368,-0.0063307168335505
2451602,-7.1519823837689e-07,1.1548734102545e-06,5.0069582826329e-07,-3.1623304283733e-08,3.546810202908e-08,1.537726404465e-08,-0.91984454597955,0.33771797439329,0.14642175418414,-0.0066786490375426,-0.014707268785489,-0.0063762535932634
2451603,-7.4724275360459e-07,1.190493545527e-06,5.1613900821818e-07,-3.2466616776567e-08,3.576988407869e-08,1.5508105459454e-08,-0.92638295287501,0.32296008615448,0.14002355389509,-0.0063978682265749,-0.014807747089019,-0.006419817229364
2451604,-7.8013320785621e-07,1.226408597232e-06,5.317100530355e-07,-3.3315136924358e-08,3.6057922954797e-08,1.5632988592945e-08,-0.93263970445625,0.30810400551865,0.13358278101275,-0.0061153535274047,-0.014903649604292,-0.0064613970562913
2451605,-8.1387467241297e-07,1.2626047871714e-06,5.474029892483e-07,-3.4168591835193e-08,3.633214940244e-08,1.5751883418314e-08,-0.93861311224067,0.29315431993554,0.12710142440237,-0.0058311957993678,-0.014994953272875,-0.0065009830766227
2451606,-8.4847194524858e-07,1.2990682702751e-06,5.6321181439606e-07,-3.502670780366e-08,3.6592498932566e-08,1.5864761974995e-08,-0.9443015787434,0.27811563911984,0.12058148258257,-0.0055454861726541,-0.015081636623146,-0.0065385659808902
2451607,-8.8392955026867e-07,1.3357851393656e-06,5.7913049909018e-07,-3.5889210416601e-08,3.683891181857e-08,1.5971598367161e-08,-0.94970359773052,0.26299259346492,0.11402496303768,-0.005258316013097,-0.015163679769136,-0.0065741371470807
2451608,-9.2025173665565e-07,1.3727414299178e-06,5.9515298907768e-07,-3.675582465812e-08,3.7071333090678e-08,1.6072368761289e-08,-0.95481775443716,0.24778983245803,0.10743388153065,-0.0049697768872124,-0.015241064408666,-0.0066076886398257
2451609,-9.574424783181e-07,1.4099231248122e-06,6.1127320730182e-07,-3.7626275013772e-08,3.728971252821e-08,1.6167051382814e-08,-0.95964272575086,0.23251202309775,0.10081026141691,-0.0046799605275068,-0.015313773820764,-0.0066392132092848
2451610,-9.9550547344398e-07,1.447316159079e-06,6.2748505595905e-07,-3.8500285573907e-08,3.7494004649773e-08,1.6255626511865e-08,-0.96417728036029,0.21716384831436,0.094156132959547,-0.0043889587980715,-0.015381792862405,-0.0066687042897301
2451611,-1.0344441441567e-06,1.4849064246318e-06,6.4378241855117e-07,-3.9377580136082e-08,3.7684168701406e-08,1.6338076478139e-08,-0.96842027886981,0.20175000539382,0.087473532646027,-0.004096863660482,-0.015445107964563,-0.0066961559978352
2451612,-1.0742616362732e-06,1.5226797749884e-06,6.6015916193203e-07,-4.0257882306523e-08,3.7860168642734e-08,1.6414385654888e-08,-0.97237067387999,0.18627520440599,0.08076450250676,-0.0038037671400184,-0.015503707127597,-0.0067215631306763
2451613,-1.1149608191627e-06,1.5606220299764e-06,6.7660913834767e-07,-4.1140915600562e-08,3.802197313116e-08,1.6484540452075e-08,-0.97602751003459,0.17074416663786,0.074031089435817,-0.0035097612922231,-0.015557579915993,-0.0067449211634515
2451614,-1.1565442857061e-06,1.5987189804225e-06,6.9312618746928e-07,-4.202640354202e-08,3.8169555504151e-08,1.6548529308686e-08,-0.97938992403424,0.15516162303231,0.067275344514065,-0.0032149381698129,-0.015606717452464,-0.0067662262469228
2451615,-1.199014352353e-06,1.6369563928226e-06,7.0970413841804e-07,-4.2914069761477e-08,3.8302893759646e-08,1.6606342684245e-08,-0.98245714461723,0.13953231263305,0.060499322334993,-0.0029193897899586,-0.015651112411425,-0.0067854752045891
2451616,-1.2423730592776e-06,1.6753200139922e-06,7.263368117811e-07,-4.3803638093398e-08,3.8421970534647e-08,1.6657973049525e-08,-0.98522849250775,0.12386098103651,0.053705080333499,-0.002623208101948,-0.015690759011869,-0.0068026655295957
2451617,-1.2866221706307e-06,1.7137955756935e-06,7.4301802161785e-07,-4.4694832672063e-08,3.8526773082026e-08,1.6703414876499e-08,-0.98770338033202,0.10815237885101,0.046894678117899,-0.0023264849552447,-0.015725653009639,-0.0068177953813863
2451618,-1.3317631748865e-06,1.7523687992393e-06,7.5974157745577e-07,-4.5587378026275e-08,3.8617293245603e-08,1.6742664627533e-08,-0.98988131250264,0.092411260164043,0.040070176805403,-0.0020293120679569,-0.015755791689137,-0.0068308635821058
2451619,-1.3777972852845e-06,1.7910254000708e-06,7.7650128627512e-07,-4.6480999172792e-08,3.8693527433528e-08,1.6775720743848e-08,-0.99176188507167,0.07664238101808,0.033233638361317,-0.0017317809957279,-0.015781173854456,-0.0068418696127591
2451620,-1.4247254403633e-06,1.8297510923076e-06,7.9329095448177e-07,-4.7375421708462e-08,3.8755476590041e-08,1.6802583633274e-08,-0.99334478555279,0.060850497895558,0.026387124942202,-0.0014339831010596,-0.015801799819982,-0.006850813609133
2451621,-1.4725483045862e-06,1.8685315932693e-06,8.1010438986731e-07,-4.8270371901025e-08,3.8803146165619e-08,1.6823255657313e-08,-0.99462979271299,0.045040366213502,0.019532698243225,-0.0011360095230811,-0.01581767140045,-0.0068576963574893
2451622,-1.5212662690571e-06,1.9073526279662e-06,8.2693540355608e-07,-4.9165576778544e-08,3.8836546085602e-08,1.6837741117531e-08,-0.99561677633425,0.029216738828354,0.012672418849932,-0.00083795114777156,-0.0158287919005,-0.0068625192900341
2451623,-1.5708794523248e-06,1.9461999335574e-06,8.4377781193805e-07,-5.0060764217447e-08,3.8855690717306e-08,1.6846046241305e-08,-0.99630569694577,0.013384364551509,0.0058083455946627,-0.0005398985786479,-0.01583516610373,-0.0068652844801722
2451624,-1.621387701275e-06,1.9850592637765e-06,8.6062543858735e-07,-5.0955663029138e-08,3.88605988357e-08,1.6848179166942e-08,-0.99669660552696,-0.0024520133239746,-0.0010574650821947,-0.00024194210792561,-0.015836800261263,-0.0068659946375519
2451625,-1.6727905921078e-06,2.0239163933207e-06,8.7747211616543e-07,-5.1850003045173e-08,3.8851293587683e-08,1.6844149928193e-08,-0.99678964318198,-0.018287658484986,-0.0079229597658809,5.5828311838399e-05,-0.015833702079857,-0.0068646531029095
2451626,-1.7250874313996e-06,2.0627571222049e-06,8.9431168830852e-07,-5.2743515200956e-08,3.8827802455016e-08,1.6833970438178e-08,-0.99658504078606,-0.034117843047867,-0.014786088695694,0.00035332309561355,-0.015825880709562,-0.0068612638427172
2451627,-1.7782772572488e-06,2.1015672800772e-06,9.1113801149878e-07,-5.3635931617949e-08,3.879015721595e-08,1.6817654472757e-08,-0.99608311860431,-0.049937848995349,-0.021644806387975,0.00065045305326682,-0.015813346730944,-0.006855831443646
2451628,-1.8323588405019e-06,2.1403327304956e-06,9.2794495691845e-07,-5.4526985684366e-08,3.8738393905608e-08,1.6795217653347e-08,-0.99528428588328,-0.065742969600505,-0.028497072253456,0.00094712941643102,-0.015796112141892,-0.0068483611068458
2451629,-1.8873306860598e-06,2.1790393751649e-06,9.4472641228661e-07,-5.5416412134349e-08,3.8672552775167e-08,1.6766677429235e-08,-0.99418904041601,-0.081528510837318,-0.035340851208813,0.0012432638648643,-0.015774190344032,-0.0068388586420541
2451630,-1.9431910342632e-06,2.2176731581316e-06,9.6147628367802e-07,-5.6303947125586e-08,3.8592678249887e-08,1.6732053059371e-08,-0.99279796808092,-0.097289792777454,-0.042174114282236,0.001538768552296,-0.015747596128751,-0.0068273304615372
2451631,-1.9999378623539e-06,2.2562200699366e-06,9.7818849732343e-07,-5.7189328315391e-08,3.8498818886038e-08,1.6691365593705e-08,-0.99111174235515,-0.11302215097289,-0.04899483921286,0.0018335561317537,-0.015716345662853,-0.0068137835738733
2451632,-2.057568886012e-06,2.294666151724e-06,9.9485700139111e-07,-5.8072294935192e-08,3.8391027326772e-08,1.6644637854048e-08,-0.9891311238028,-0.128720937824,-0.055801011043907,0.0021275397803683,-0.015680456473871,-0.0067982255775823
2451633,-2.1160815609663e-06,2.3329974993062e-06,1.0114757677489e-06,-5.8952587863465e-08,3.826936025699e-08,1.6591894414509e-08,-0.98685695953865,-0.14438152393281,-0.062590622709382,0.0024206332236529,-0.015639947435037,-0.0067806646546116
2451634,-2.1754730846779e-06,2.3712002671818e-06,1.0280387937067e-06,-5.9829949697058e-08,3.8133878357252e-08,1.6533161581513e-08,-0.98429018266787,-0.15999929944106,-0.069361675614182,0.0027127507592541,-0.015594838749938,-0.0067611095636824
2451635,-2.2357403980924e-06,2.4092606725084e-06,1.0445401037383e-06,-6.0704124820936e-08,3.7984646256776e-08,1.6468467373422e-08,-0.98143181170219,-0.17556967535273,-0.076112180207493,0.0030038072801718,-0.015545151936864,-0.0067395696335057
2451636,-2.2968801874634e-06,2.4471649990273e-06,1.0609737511835e-06,-6.1574859476325e-08,3.7821732485571e-08,1.6397841499785e-08,-0.97828294995322,-0.19108808484082,-0.082840156549332,0.0032937182974465,-0.015490909812876,-0.0067160547558732
2451637,-2.3588888862415e-06,2.4848996009398e-06,1.0773338199282e-06,-6.2441901827247e-08,3.7645209425759e-08,1.6321315340235e-08,-0.97484478490323,-0.20654998453802,-0.089543634870126,0.0035823999623145,-0.015432136477595,-0.0066905753786302
2451638,-2.4217626770296e-06,2.522450906735e-06,1.0936144260641e-06,-6.3305002025457e-08,3.7455153262123e-08,1.6238921923047e-08,-0.97111858755415,-0.2219508558111,-0.096220656123203,0.0038697690878275,-0.015368857296735,-0.0066631424985374
2451639,-2.4854974936031e-06,2.5598054229669e-06,1.1098097195265e-06,-6.4163912273776e-08,3.725164393193e-08,1.6150695903384e-08,-0.96710571175512,-0.23728620601861,-0.1028692725301,0.0041557431699394,-0.015301098885403,-0.0066337676540285
2451640,-2.5500890229913e-06,2.5969497379823e-06,1.1259138857101e-06,-6.501838688782e-08,3.7034765074075e-08,1.6056673541251e-08,-0.9628075935093,-0.25255156975188,-0.10948754811855,0.0044402404080589,-0.015228889091159,-0.0066024629178685
2451641,-2.6155327076205e-06,2.6338705255959e-06,1.1419211470629e-06,-6.5868182356131e-08,3.6804603977588e-08,1.5956892679173e-08,-0.95822575026036,-0.26774251005887,-0.11607355925316,0.0047231797250695,-0.015152256976879,-0.0065692408897218
2451642,-2.6818237475168e-06,2.6705545487151e-06,1.157825764657e-06,-6.6713057398704e-08,3.6561251529552e-08,1.5851392719609e-08,-0.95336178015917,-0.28285461965087,-0.12262539515849,0.0050044807868185,-0.015071232803407,-0.0065341146886335
2451643,-2.7489571025656e-06,2.7069886629112e-06,1.1736220397377e-06,-6.7552773023942e-08,3.6304802162469e-08,1.5740214602136e-08,-0.9482173613114,-0.2978835220917,-0.12914115843469,0.0052840640210764,-0.014985848012035,-0.006497097945432
2451644,-2.8169274948279e-06,2.7431598199388e-06,1.1893043152485e-06,-6.8387092584007e-08,3.6035353801116e-08,1.5623400780413e-08,-0.94279425100625,-0.31282487296933,-0.13561896556542,0.0055618506359696,-0.014896135206809,-0.0064582047950583
2451645,-2.8857294109116e-06,2.7790550712012e-06,1.2048669773344e-06,-6.9215781828613e-08,3.5753007808944e-08,1.5500995198934e-08,-0.93709428492713,-0.32767436104973,-0.14205694741814,0.0058377626378883,-0.014802128136679,-0.0064174498688278
2451646,-2.9553571043947e-06,2.8146615711616e-06,1.2203044568201e-06,-7.0038608957244e-08,3.5457868934041e-08,1.5373043269608e-08,-0.93111937634469,-0.34242770941277,-0.14845324973653,0.0061117228488737,-0.01470386167751,-0.0063748482866313
2451647,-3.0258045983006e-06,2.8499665807014e-06,1.2356112306663e-06,-7.0855344669822e-08,3.5150045254714e-08,1.5239591848167e-08,-0.92487151529265,-0.3570806765701,-0.15480603362522,0.0063836549234875,-0.014601371813965,-0.0063304156490793
2451648,-3.0970656876237e-06,2.8849574704223e-06,1.2507818234016e-06,-7.1665762215829e-08,3.4829648124727e-08,1.5100689210418e-08,-0.91835276772705,-0.37162905756485,-0.16111347602649,0.0066534833651673,-0.014494695621267,-0.0062841680295975
2451649,-3.1691339419023e-06,2.9196217238947e-06,1.2658108085302e-06,-7.2469637441904e-08,3.4496792118226e-08,1.4956385028369e-08,-0.91156527466945,-0.386068685053,-0.16737377018915,0.0069211335420735,-0.014383871246869,-0.0062361219664762
2451650,-3.2420027078392e-06,2.9539469408502e-06,1.2806928099166e-06,-7.3266748837917e-08,3.415159497439e-08,1.4806730346236e-08,-0.90451125133449,-0.40039543036643,-0.17358512612941,0.0071865317024307,-0.014268937892017,-0.0061862944548816
2451651,-3.3156651119675e-06,2.987920840319e-06,1.2954225031456e-06,-7.4056877581552e-08,3.379417754185e-08,1.4651777556341e-08,-0.89719298624233,-0.41460520455746,-0.17974577108373,0.0074496049893699,-0.014149935793251,-0.0061347029388325
2451652,-3.3901140633597e-06,3.0215312637114e-06,1.3099946168582e-06,-7.4839807581392e-08,3.3424663722904e-08,1.4491580374931e-08,-0.88961284031653,-0.42869395942486,-0.18585394995368,0.0077102814552758,-0.014026906203829,-0.0060813653031479
2451653,-3.4653422563798e-06,3.0547661778436e-06,1.3244039340635e-06,-7.5615325518551e-08,3.3043180417569e-08,1.4326193817919e-08,-0.88177324596788,-0.44265768852125,-0.19190792574266,0.007968490075646,-0.0138998913751,-0.0060262998653705
2451654,-3.5413421734762e-06,3.0876136779072e-06,1.3386452934264e-06,-7.638322088684e-08,3.2649857467491e-08,1.4155674176569e-08,-0.8736767061645,-0.45649242814186,-0.19790597998462,0.0082241607624661,-0.013768934537826,-0.0059695253676712
2451655,-3.6181060880132e-06,3.1200619903828e-06,1.3527135905304e-06,-7.7143286031516e-08,3.2244827599764e-08,1.3980078993137e-08,-0.8653257934889,-0.47019425829462,-0.20384641316462,0.0084772243771096,-0.01363407988348,-0.0059110609687386
2451656,-3.6956260671422e-06,3.1520994758977e-06,1.3666037791165e-06,-7.7895316186605e-08,3.182822637067e-08,1.3799467036483e-08,-0.8567231491823,-0.48375930365146,-0.20972754513126,0.0087276127427658,-0.013495372545513,-0.0058509262356583
2451657,-3.7738939747076e-06,3.1837146320262e-06,1.3803108722981e-06,-7.8639109510842e-08,3.140019210938e-08,1.3613898277659e-08,-0.84787148217685,-0.49718373448095,-0.21554771550108,0.0089752586564056,-0.013352858580609,-0.0057891411357864
2451658,-3.8529014741897e-06,3.214896096035e-06,1.3938299437502e-06,-7.9374467122233e-08,3.0960865861649e-08,1.34234338655e-08,-0.838773568116,-0.51046376756215,-0.22130528405467,0.0092200959002889,-0.013206584949937,-0.0057257260286217
2451659,-3.9326400316802e-06,3.2456326475714e-06,1.4071561288754e-06,-8.0101193131271e-08,3.0510391333519e-08,1.322813610222e-08,-0.82943224836368,-0.52359566707971,-0.22699863112485,0.0094620592530234,-0.013056599500411,-0.0056607016576796
2451660,-4.0131009188907e-06,3.2759132112954e-06,1.4202846259452e-06,-8.0819094672817e-08,3.0048914835077e-08,1.3028068419021e-08,-0.8198504290026,-0.53657574550027,-0.23262615797656,0.0097010845001806,-0.012902950945959,-0.0055940891423731
2451661,-4.0942752161929e-06,3.3057268594556e-06,1.4332106972166e-06,-8.1527981936682e-08,2.9576585224269e-08,1.2823295351743e-08,-0.81003107982214,-0.54940036443013,-0.23818628717872,0.0099371084444767,-0.01274568884882,-0.0055259099699035
2451662,-4.1761538156879e-06,3.3350628144092e-06,1.4459296700245e-06,-8.2227668196919e-08,2.9093553850822e-08,1.2613882516545e-08,-0.79997723329634,-0.56206593545416,-0.24367746296798,0.010170068915526,-0.01258486360087,-0.0054561859871644
2451663,-4.2587274243048e-06,3.3639104510857e-06,1.4584369378501e-06,-8.291796983986e-08,2.8599974500278e-08,1.2399896585644e-08,-0.78969198355223,-0.5745689209562,-0.24909815160437,0.010399904779176,-0.01242052640499,-0.0053849393926638
2451664,-4.3419865669264e-06,3.3922592993948e-06,1.4707279613648e-06,-8.3598706390909e-08,2.8096003338169e-08,1.2181405263112e-08,-0.77917848532918,-0.58690583492071,-0.25444684171885,0.010626555946428,-0.012252729256479,-0.0053121927284661
2451665,-4.425921589541e-06,3.4200990465784e-06,1.4827982694499e-06,-8.4269700540133e-08,2.7581798854362e-08,1.1958477260746e-08,-0.76843995292938,-0.59907324371592,-0.2597220446529,0.010849963381957,-0.012081524924522,-0.0052379688721572
2451666,-4.5105226624196e-06,3.4474195395075e-06,1.4946434601924e-06,-8.4930778166654e-08,2.705752180758e-08,1.1731182274019e-08,-0.75747965916015,-0.61106776685851,-0.26492229479,0.011070069112235,-0.01190696693372,-0.0051622910288376
2451667,-4.5957797833166e-06,3.4742107869231e-06,1.5062592018563e-06,-8.5581768361889e-08,2.6523335170132e-08,1.1499590958114e-08,-0.74630093426816,-0.62288607775979,-0.27004614987917,0.011286816233265,-0.011729109545687,-0.0050851827231437
2451668,-4.6816827806932e-06,3.5004629616224e-06,1.5176412338313e-06,-8.6222503451642e-08,2.5979404072873e-08,1.1263774904062e-08,-0.73490716486625,-0.63452490445355,-0.27509219135049,0.01150014891794,-0.011548007740725,-0.0050066677913021
2451669,-4.7682213169625e-06,3.5261664025897e-06,1.5287853675555e-06,-8.6852819017091e-08,2.5425895750388e-08,1.102380661498e-08,-0.723301792853,-0.64598103030563,-0.28005902462282,0.01171001242303,-0.011363717199573,-0.0049267703732187
2451670,-4.8553848917545e-06,3.5513116170734e-06,1.5396874874167e-06,-8.7472553914678e-08,2.4862979486456e-08,1.0779759482424e-08,-0.71148831432548,-0.65725129470524,-0.28494527940342,0.011916353095804,-0.011176294285248,-0.0048455149046043
2451671,-4.9431628452014e-06,3.5758892826072e-06,1.5503435516286e-06,-8.8081550294948e-08,2.4290826559768e-08,1.0531707762856e-08,-0.69947027848565,-0.66833259373821,-0.28974960997995,0.0121191183803,-0.010985796024973,-0.004762926109141
2451672,-5.0315443612405e-06,3.5998902489788e-06,1.5607495930839e-06,-8.8679653620342e-08,2.3709610189946e-08,1.0279726554242e-08,-0.68725128654055,-0.67922188084224,-0.29447069550445,0.012318256823254,-0.010792280092204,-0.0046790289906892
2451673,-5.1205184709344e-06,3.6233055401434e-06,1.5709017201846e-06,-8.9266712681987e-08,2.3119505483863e-08,1.0023891772779e-08,-0.67483499059678,-0.6899161674441,-0.29910724026971,0.012513718079687,-0.010595804788757,-0.0045938488255389
2451674,-5.2100740558078e-06,3.6461263560845e-06,1.5807961176481e-06,-8.984257961549e-08,2.2520689382274e-08,9.7642801297566e-09,-0.66222509254958,-0.70041252357918,-0.3036579739778,0.012705452918163,-0.01039642902704,-0.0045074111547062
2451675,-5.3001998511994e-06,3.6683440746212e-06,1.5904290472911e-06,-9.0407109915788e-08,2.1913340606782e-08,9.5009691085626e-09,-0.64942534296679,-0.71070807849321,-0.30812165200097,0.012893413225737,-0.010194212312391,-0.0044197417762778
2451676,-5.3908844496286e-06,3.6899502531627e-06,1.5997968487904e-06,-9.0960162451046e-08,2.1297639607136e-08,9.2340369418381e-09,-0.63643953996799,-0.72080002122639,-0.31249705563493,0.013077552012577,-0.0099892147255375,-0.0043308667378037
2451677,-5.4821163041748e-06,3.7109366304102e-06,1.6088959404204e-06,-9.1501599475662e-08,2.0673768508882e-08,8.9635625887796e-09,-0.62327152809925,-0.73068560118009,-0.31678299234451,0.013257823416299,-0.0097814969051618,-0.0042408123287405
2451678,-5.57388373187e-06,3.7312951280064e-06,1.6177228197686e-06,-9.2031286642381e-08,2.0041911061375e-08,8.6896257125993e-09,-0.60992519720357,-0.74036212866611,-0.32097829600184,0.013434182705998,-0.0095711200305932,-0.0041496050729468
2451679,-5.666174917103e-06,3.7510178521342e-06,1.6262740644285e-06,-9.2549093013552e-08,1.9402252586152e-08,8.4123066581435e-09,-0.59640448128758,-0.74982697543876,-0.32508182711698,0.013606586285996,-0.0093581458046189,-0.0040572717212313
2451680,-5.758977915034e-06,3.7700970950623e-06,1.6345463326698e-06,-9.3054891071557e-08,1.8754979925681e-08,8.1316864296733e-09,-0.58271335738447,-0.75907757520972,-0.32909247306122,0.013774991699315,-0.0091426364364207,-0.0039638392439546
2451681,-5.8522806550196e-06,3.7885253366414e-06,1.6425363640873e-06,-9.3548556728424e-08,1.8100281392497e-08,7.8478466688113e-09,-0.56885584441376,-0.76811142414601,-0.33300914828288,0.013939357630877,-0.0089246546246382,-0.0038693348236869
2451682,-5.9460709440471e-06,3.8062952457486e-06,1.6502409802266e-06,-9.402996933467e-08,1.7438346718718e-08,7.5608696326551e-09,-0.55483600203784,-0.776926081351,-0.33683079451595,0.014099643910448,-0.0087042635405608,-0.0037737858479207
2451683,-6.040336470177e-06,3.8233996816822e-06,1.6576570851893e-06,-9.4499011687373e-08,1.6769367005952e-08,7.2708381720614e-09,-0.54065792951578,-0.78551916932871,-0.34055638098135,0.014255811515326,-0.008481526811451,-0.0036772199018406
2451684,-6.1350648059929e-06,3.8398316955059e-06,1.6647816662158e-06,-9.4955570037519e-08,1.6093534675613e-08,6.9778357101016e-09,-0.52632576455454,-0.79388837443153,-0.34418490458105,0.01440782257279,-0.0082565085039985,-0.0035796647611499
2451685,-6.2302434120596e-06,3.8555845313442e-06,1.6716117942465e-06,-9.5399534096634e-08,1.5411043419617e-08,6.6819462206911e-09,-0.51184368215793,-0.8020314472914,-0.34771539008499,0.014555640362302,-0.0080292731079081,-0.0034811483849554
2451686,-6.3258596403859e-06,3.8706516276285e-06,1.6781446244626e-06,-9.5830797042735e-08,1.4722088151498e-08,6.3832542073922e-09,-0.49721589347332,-0.80994620323469,-0.35114689031099,0.014699229317495,-0.0077998855196217,-0.0033816989087098
2451687,-6.4219007378942e-06,3.8850266182943e-06,1.6843773968048e-06,-9.6249255525614e-08,1.4026864957919e-08,6.0818446823937e-09,-0.48244664463666,-0.81763052268082,-0.35447848629759,0.014838555027925,-0.0075684110261741,-0.0032813446372129
2451688,-6.5183538498945e-06,3.8987033339302e-06,1.6903074364716e-06,-9.6654809671483e-08,1.3325571050591e-08,5.7778031456644e-09,-0.46754021561569,-0.82508235152491,-0.35770928746988,0.014973584240627,-0.0073349152891849,-0.003180114037671
2451689,-6.6152060235628e-06,3.9116758028792e-06,1.6959321543967e-06,-9.7047363087005e-08,1.2618404718597e-08,5.4712155642846e-09,-0.45250091905184,-0.83229970150434,-0.36083843179852,0.015104284861446,-0.0070994643289847,-0.0030780357328149
2451690,-6.7124442114238e-06,3.9239382522924e-06,1.7012490477059e-06,-9.7426822862727e-08,1.1905565281123e-08,5.1621683519523e-09,-0.43733309910079,-0.83928065054963,-0.36386508595179,0.015230625956192,-0.006862124508877,-0.0029751384940767
2451691,-6.8100552748356e-06,3.9354851091354e-06,1.7062557001536e-06,-9.779309957594e-08,1.1187253040594e-08,4.8507483486649e-09,-0.42204113027204,-0.84602334311956,-0.36678844544095,0.01535257775158,-0.0066229625195343,-0.002871451234825
2451692,-6.9080259874781e-06,3.9463110011487e-06,1.7109497825389e-06,-9.8146107292994e-08,1.0463669236215e-08,4.5370428005768e-09,-0.40662941626756,-0.85252599052084,-0.3696077347588,0.015470111636012,-0.0063820453635295,-0.0027670030036583
2451693,-7.0063430388426e-06,3.9564107577611e-06,1.7153290531019e-06,-9.848576357107e-08,9.7350159979057e-09,4.22113934003e-09,-0.39110238881985,-0.85878687121231,-0.37232220751157,0.015583200160157,-0.0061394403399998,-0.0026618229777561
2451694,-7.1049930377239e-06,3.9657794109575e-06,1.7193913578997e-06,-9.8811989459454e-08,9.0014963006443e-09,3.9031259657579e-09,-0.37546450652943,-0.86480433109386,-0.37493114654422,0.015691817037386,-0.005895215029444,-0.0025559404562881
2451695,-7.2039625157122e-06,3.9744121961018e-06,1.7231346311632e-06,-9.9124709500318e-08,8.2633139191992e-09,3.5830910232602e-09,-0.35972025370195,-0.8705767837803,-0.37743386405915,0.01579593714402,-0.005649437278651,-0.0024493848538795
2451696,-7.3032379306867e-06,3.9823045527134e-06,1.7265568956343e-06,-9.9423851729027e-08,7.5206733832546e-09,3.2611231853475e-09,-0.34387413918524,-0.87610271086014,-0.37982970172839,0.015895536519442,-0.0054021751857589,-0.002342185694134
2451697,-7.4028056703082e-06,3.9894521252007e-06,1.7296562628829e-06,-9.9709347673998e-08,6.773779932922e-09,2.9373114328537e-09,-0.32793069520623,-0.88138066213951,-0.38211803079943,0.015990592366044,-0.0051534970854426,-0.0022343726032113
2451698,-7.5026520555126e-06,3.9958507635486e-06,1.7324309336062e-06,-9.9981132356126e-08,6.0228394746337e-09,2.6117450355138e-09,-0.31189447620802,-0.88640925587139,-0.38429825219449,0.016081083049041,-0.0049034715342282,-0.0021259753034609
2451699,-7.6027633440023e-06,4.0014965239637e-06,1.7348791979074e-06,-1.002391442878e-07,5.2680585374122e-09,2.2845135330042e-09,-0.29577005768721,-0.8911871789701,-0.38636979660365,0.016166988096138,-0.0046521672959333,-0.0020170236071092
2451700,-7.7031257337372e-06,4.0063856694748e-06,1.7369994355566e-06,-1.004833254715e-07,4.50964422951e-09,1.9557067161445e-09,-0.27956203503165,-0.89571318721143,-0.3883321245715,0.016248288197068,-0.0043996533272302,-0.0019075474100005
2451701,-7.8037253664243e-06,4.0105146704904e-06,1.7387901162324e-06,-1.0071362139806e-07,3.7478041954127e-09,1.625414608256e-09,-0.26327502235867,-0.8999861054183,-0.39018472657774,0.016324965203009,-0.0041459987633297,-0.001797576685391
2451702,-7.9045483310045e-06,4.0138802053141e-06,1.7402497997456e-06,-1.0092998104452e-07,2.982746573199e-09,1.2937274466754e-09,-0.246913651354,-0.90400482763218,-0.39192712311143,0.016397002125869,-0.0038912729037845,-0.0016871414777928
2451703,-8.0055806671379e-06,4.0164791606166e-06,1.7413771362433e-06,-1.0113235687165e-07,2.2146799522495e-09,9.6073566441933e-10,-0.23048257011143,-0.90776831727038,-0.39355886473924,0.016464383137468,-0.0036355451984082,-0.00157627189687
2451704,-8.106808368686e-06,4.0183086318661e-06,1.742170866396e-06,-1.0132070482114e-07,1.4438133312975e-09,6.2652987199781e-10,-0.21398644197336,-0.91127560726936,-0.39507953216754,0.016527093568597,-0.0033788852333084,-0.0014649981113828
2451705,-8.2082173871914e-06,4.0193659237169e-06,1.7426298215662e-06,-1.0149498431248e-07,6.7035607681213e-10,2.912008393711e-10,-0.19742994437235,-0.91452580021404,-0.39648873629854,0.01658511990798,-0.0031213627170303,-0.0013533503431805
2451706,-8.3097936353534e-06,4.0196485503566e-06,1.7427529239582e-06,-1.0165515823954e-07,-1.054821182925e-10,-4.5160521951931e-11,-0.18081776767373,-0.91751806845336,-0.39778611828031,0.016638449801128,-0.0028630474668087,-0.0012413588612411
2451707,-8.4115229905009e-06,4.0191542358115e-06,1.7425391867514e-06,-1.018011929668e-07,-8.8349127563393e-10,-3.8246317667893e-10,-0.16415461401944,-0.92025165420218,-0.39897134955104,0.016687072049108,-0.0026040093949255,-0.001129053975756
2451708,-8.513391298061e-06,4.0178809142123e-06,1.7419877142151e-06,-1.0193305832543e-07,-1.6634611720307e-09,-7.2061598336621e-10,-0.14744519617313,-0.92272586962949,-0.40004413187723,0.016730976607204,-0.002344318495168,-0.0010164660322599
2451709,-8.6153843750236e-06,4.0158267300184e-06,1.7410977018056e-06,-1.0205072760896e-07,-2.4451813798748e-09,-1.0595277119222e-09,-0.13069423636665,-0.92494009693322,-0.40100419738619,0.0167701545835,-0.0020840448293873,-0.00090362540580277
2451710,-8.7174880134011e-06,4.0129900382023e-06,1.7398684362465e-06,-1.0215417756878e-07,-3.2284413072181e-09,-1.3991070609867e-09,-0.11390646514798,-0.92689378840164,-0.40185130859261,0.016804598237378,-0.001823258514152,-0.00079056249516349
2451711,-8.8196879836848e-06,4.009369404394e-06,1.7382992955913e-06,-1.0224338840942e-07,-4.0130302375806e-09,-1.7392626751897e-09,-0.097086620230724,-0.92858646646141,-0.40258525841942,0.016834300977934,-0.001562029707493,-0.00067730771710342
2451712,-8.9219700382945e-06,4.0049636049858e-06,1.7363897492686e-06,-1.0231834378352e-07,-4.7987373694934e-09,-2.0799031622951e-09,-0.080239445345235,-0.93001772371243,-0.40320587021293,0.016859257362315,-0.0013004285957386,-0.0005638915006585
2451713,-9.0243199150248e-06,3.9997716271975e-06,1.7341393581105e-06,-1.0237903078661e-07,-5.5853518557857e-09,-2.4209371102337e-09,-0.063369689091404,-0.93118722294968,-0.40371299775228,0.016879463093984,-0.0010385253804334,-0.00045034428146814
2451714,-9.126723340485e-06,3.9937926691028e-06,1.7315477743642e-06,-1.0242543995173e-07,-6.3726628426267e-09,-2.7622731040295e-09,-0.046482103793251,-0.93209469717184,-0.40410652525316,0.016894915020914,-0.00077639026533957,-0.00033669649613956
2451715,-9.2291660335339e-06,3.9870261396161e-06,1.7286147416861e-06,-1.0245756524376e-07,-7.1604595083339e-09,-3.103819742625e-09,-0.029581444355348,-0.93273994957707,-0.40438636736605,0.016905611133716,-0.00051409344351525,-0.00022297857664577
2451716,-9.3316337087086e-06,3.9794716584417e-06,1.7253400951201e-06,-1.0247540405364e-07,-7.9485311019596e-09,-3.4454856556102e-09,-0.012672467121143,-0.93312285354589,-0.40455246916874,0.016911550563696,-0.00025170508446773,-0.00010922094475573
2451717,-9.4341120796476e-06,3.9711290559833e-06,1.7217237610577e-06,-1.0247895719229e-07,-8.736666981665e-09,-3.78717951986e-09,0.004240071266742,-0.93324335261123,-0.4046048061534,0.016912733580858,1.0704678623684e-05,4.545993505079e-06
2451718,-9.5365868625079e-06,3.9619983732157e-06,1.7177657571835e-06,-1.0246822888448e-07,-9.5246566528964e-09,-4.1288100760848e-09,0.021151415004175,-0.93310146041573,-0.40454338420803,0.016909161591836,0.00027306576161813,0.00011829185336525
2451719,-9.6390437793754e-06,3.9520798615193e-06,1.7134661924023e-06,-1.0244322676243e-07,-1.0312289806372e-08,-4.4702861453004e-09,0.038056810261097,-0.93269726065638,-0.40436823959252,0.016900837137775,0.00053530814206121,0.00023198627679099
2451720,-9.7414685616694e-06,3.941373982475e-06,1.7088252667511e-06,-1.0240396185926e-07,-1.1099356355896e-08,-4.8115166452209e-09,0.05495150631494,-0.93203090701653,-0.40407943890912,0.016887763892155,0.00079736187177449,0.00034559893794425
2451721,-9.8438469535399e-06,3.9298814076228e-06,1.7038432712938e-06,-1.023504486023e-07,-1.1885646476003e-08,-5.1524106065811e-09,0.071830756681856,-0.93110262308535,-0.40367707906758,0.01686994665855,0.0010591570893903,0.00045909954861719
2451722,-9.9461647152583e-06,3.9176030181821e-06,1.6985205880004e-06,-1.0228270480621e-07,-1.2670950639456e-08,-5.4928771893926e-09,0.088689820245671,-0.92991270226476,-0.40316128724476,0.016847391368351,0.001320624032836,0.00057245786364469
2451723,-1.0048407626602e-05,3.904539904735e-06,1.6928576896096e-06,-1.0220075166594e-07,-1.3455059654604e-08,-5.8328256991397e-09,0.10552396238453,-0.92846150766395,-0.40253222083895,0.016820105078415,0.0015816930517718,0.00068564368629669
2451724,-1.0150561490229e-05,3.8906933668717e-06,1.686855139475e-06,-1.0210461374957e-07,-1.4237764702606e-08,-6.1721656029192e-09,0.12232845609518,-0.92674947198137,-0.40179006741867,0.01678809596868,0.0018422946199855,0.00079862687365205
2451725,-1.0252612135051e-05,3.8760649127996e-06,1.6805135913957e-06,-1.0199431899094e-07,-1.5018857374547e-08,-6.5108065455306e-09,0.13909858311483,-0.9247770973745,-0.40093504466627,0.016751373339718,0.0021023593477494,0.00091137734195572
2451726,-1.0354545419593e-05,3.8606562589145e-06,1.6738337894303e-06,-1.0186989868219e-07,-1.5798129708446e-08,-6.8486583655212e-09,0.15582963504053,-0.92254495531717,-0.39996740031601,0.016709947610243,0.0023618179941423,0.0010238650719609
2451727,-1.0456347235345e-05,3.8444693293354e-06,1.6668165676955e-06,-1.017313874661e-07,-1.6575374226171e-08,-7.1856311111914e-09,0.17251691444608,-0.9200536864446,-0.39888741208693,0.016663830314563,0.002620601479341,0.0011360601142583
2451728,-1.0558003510116e-05,3.8275062554021e-06,1.659462850148e-06,-1.015788233283e-07,-1.7350383970279e-08,-7.5216350565658e-09,0.18915573599628,-0.91730400038617,-0.39769538761036,0.016613034099992,0.0028786408968853,0.001247932594593
2451729,-1.0659500211367e-05,3.8097693751361e-06,1.6517736503511e-06,-1.0141224758932e-07,-1.8122952540787e-08,-7.8565807173345e-09,0.20574142755867,-0.91429667558592,-0.39639166435209,0.016557572724196,0.003135867525921,0.0013594527191731
2451730,-1.0760823349543e-05,3.7912612326652e-06,1.643750071225e-06,-1.0123170489651e-07,-1.8892874131883e-08,-8.1903788667715e-09,0.22226933131249,-0.91103255911089,-0.39497660952924,0.016497461052505,0.0033922128434241,0.001470590779969
2451731,-1.0861958981397e-05,3.7719845776101e-06,1.635393304781e-06,-1.0103724321577e-07,-1.9659943568603e-08,-8.5229405516328e-09,0.23873480485501,-0.9075125664471,-0.3934506200219,0.016432715055163,0.0036476085364099,0.0015813171600069
2451732,-1.0962893213304e-05,3.7519423644362e-06,1.6267046318403e-06,-1.0082891382316e-07,-2.0423956343466e-08,-8.8541771080415e-09,0.25513322230503,-0.90373768128348,-0.39181412227938,0.016363351804526,0.0039019865141331,0.0016916023386577
2451733,-1.1063612204565e-05,3.7311377517673e-06,1.6176854217369e-06,-1.0060677129631e-07,-2.1184708653094e-08,-9.1840001773644e-09,0.2714599754036,-0.89970895528348,-0.39006757222127,0.016289389472215,0.0041552789202792,0.0018014168969232
2451734,-1.1164102170709e-05,3.7095741016631e-06,1.6083371320041e-06,-1.0037087350574e-07,-2.1941997434824e-08,-9.5123217220839e-09,0.28771047461179,-0.89542750784459,-0.38821145513312,0.016210847326205,0.0044074181451547,0.0019107315227208
2451735,-1.1264349386774e-05,3.6872549788605e-06,1.5986613080454e-06,-1.0012128160589e-07,-2.269562040332e-08,-9.8390540416721e-09,0.30388015020558,-0.89089452584559,-0.38624628555691,0.016127745727869,0.0046583368378771,0.0020195170161683
2451736,-1.1364340190595e-05,3.6641841499779e-06,1.5886595827898e-06,-9.9858060026114e-08,-2.3445376087202e-08,-1.016410978847e-08,0.31996445336781,-0.88611126338168,-0.3841726071762,0.016040106128953,0.0049079679185703,0.0021277442948715
2451737,-1.1464060986067e-05,3.6403655826825e-06,1.5783336763311e-06,-9.958127646142e-08,-2.4191063865696e-08,-1.048740198358e-08,0.33595885727693,-0.88107904148731,-0.38199099269598,0.015947951068501,0.0051562445905674,0.0022353843992146
2451738,-1.1563498246409e-05,3.615803444822e-06,1.5676853955507e-06,-9.9291001863032e-08,-2.4932484005324e-08,-1.0808844032768e-08,0.3518588581928,-0.87579924784694,-0.3797020437173,0.015851304169716,0.0054031003526268,0.0023424084976562
2451739,-1.1662638517417e-05,3.5905021035186e-06,1.5567166337254e-06,-9.8987310428785e-08,-2.5669437696638e-08,-1.1128349742392e-08,0.36765997653922,-0.87027333649344,-0.37730639060645,0.015750190136761,0.0056484690111623,0.0024487878920321
2451740,-1.1761468420703e-05,3.5644661242264e-06,1.5454293701187e-06,-9.8670279593308e-08,-2.640172709101e-08,-1.1445833335356e-08,0.38335775798328,-0.86450282749435,-0.37480469235904,0.015644634751487,0.005892284692493,0.002554494022866
2451741,-1.1859974656927e-05,3.5377002697526e-06,1.5338256695562e-06,-9.8339990018011e-08,-2.7129155337492e-08,-1.1761209467083e-08,0.39894777451138,-0.85848930662581,-0.37219763645854,0.015534664870104,0.0061344818551151,0.0026594984746899
2451742,-1.1958144009022e-05,3.510209499241e-06,1.5219076819853e-06,-9.7996525580854e-08,-2.7851526619749e-08,-1.2074393241534e-08,0.4144256255019,-0.85223442503427,-0.36948593872972,0.015420308419769,0.0063749953019994,0.0027637729813756
2451743,-1.2055963345401e-05,3.4819989671189e-06,1.5096776420184e-06,-9.76399733659e-08,-2.8568646193083e-08,-1.2385300227253e-08,0.42978693879438,-0.84573989888583,-0.36667034318653,0.015301594395113,0.0066137601929176,0.0028672894314789
2451744,-1.215341962316e-05,3.4530740220072e-06,1.4971378684602e-06,-9.7270423652635e-08,-2.9280320421545e-08,-1.2693846473467e-08,0.44502737175528,-0.83900750900326,-0.36375162187483,0.015178552854681,0.0068507120568004,0.0029700198735974
2451745,-1.2250499891267e-05,3.4234402055929e-06,1.4842907638194e-06,-9.6887969905046e-08,-2.9986356815163e-08,-1.2999948526213e-08,0.46014261234003,-0.83203910049067,-0.3607305747096,0.0150512149173,0.00708578680413,0.0030719365217433
2451746,-1.2347191293744e-05,3.3931032514642e-06,1.4711388138034e-06,-9.6492708760452e-08,-3.068656406727e-08,-1.3303523444535e-08,0.47512838015149,-0.82483658234573,-0.35760802930686,0.014919612758353,0.007318920739371,0.0031730117607325
2451747,-1.2443481072829e-05,3.362069083909e-06,1.4576845867971e-06,-9.6084740018071e-08,-3.1380752091966e-08,-1.3604488816713e-08,0.48998042749459,-0.81740192705947,-0.35438484081017,0.014783779605983,0.0075500505734414,0.0032732181515917
2451748,-1.2539356572138e-05,3.3303438166748e-06,1.443930733326e-06,-9.5664166627314e-08,-3.2068732061697e-08,-1.3902762776565e-08,0.50469454042717,-0.80973717020354,-0.35106189171168,0.014643749737183,0.0077791134362264,0.0033725284369837
2451749,-1.2634805239805e-05,3.2979337516919e-06,1.429879985502e-06,-9.5231094675793e-08,-3.2750316444985e-08,-1.4198264019801e-08,0.51926653980684,-0.80184441000502,-0.34764009166782,0.014499558473816,0.0080060468891382,0.0034709155466527
2451750,-1.2729814631616e-05,3.2648453777583e-06,1.4155351564536e-06,-9.4785633377035e-08,-3.3425319044286e-08,-1.4490911820435e-08,0.53369228233378,-0.79372580690853,-0.34412037730943,0.014351242178512,0.0082307889377238,0.0035683526028902
2451751,-1.2824372414128e-05,3.2310853691867e-06,1.4008991397393e-06,-9.4327895057877e-08,-3.4093555034015e-08,-1.4780626047273e-08,0.54796766158946,-0.78538358312583,-0.3405037120465,0.014198838250483,0.0084532780443225,0.0036648129260227
2451752,-1.2918466367777e-05,3.1966605844135e-06,1.3859749087445e-06,-9.3857995145546e-08,-3.4754840998716e-08,-1.506732718046e-08,0.56208860907106,-0.77682002217263,-0.33679108586741,0.014042385121211,0.0086734531407761,0.0037602700399225
2451753,-1.301208438997e-05,3.1615780645694e-06,1.3707655160617e-06,-9.3376052154396e-08,-3.5408994971397e-08,-1.5350936328102e-08,0.57605109522155,-0.76803746839276,-0.33298351513256,0.013881922250039,0.0088912536411934,0.0038546976775415
2451754,-1.3105214498167e-05,3.1258450320121e-06,1.3552740928546e-06,-9.2882187672289e-08,-3.6055836472043e-08,-1.563137524296e-08,0.58985113045528,-0.75903832646944,-0.32908204236255,0.013717490119633,0.0091066194547707,0.0039480697864691
2451755,-1.3197844832946e-05,3.0894688888196e-06,1.3395038482046e-06,-9.2376526346616e-08,-3.6695186546287e-08,-1.590856633922e-08,0.60348476617898,-0.74982506092379,-0.32508773602077,0.013549130231331,0.0093194909986693,0.0040403605345161
2451756,-1.3289963661056e-05,3.0524572152451e-06,1.3234580684413e-06,-9.1859195869928e-08,-3.732686780427e-08,-1.6182432709338e-08,0.61694809580809,-0.74040019560041,-0.32100169029031,0.013376885100354,0.0095298092109532,0.0041315443153233
2451757,-1.3381559378457e-05,3.0148177681333e-06,1.3071401164558e-06,-9.1330326965173e-08,-3.7950704459677e-08,-1.6452898140964e-08,0.63023725577817,-0.73076631313997,-0.31682502484539,0.013200798250894,0.0097375155635868,0.0042215957539964
2451758,-1.3472620513338e-05,2.9765584792971e-06,1.2905534309966e-06,-9.0790053370512e-08,-3.8566522368964e-08,-1.6719887133949e-08,0.64334842655133,-0.72092605443879,-0.31255888461703,0.01302091421106,0.0099425520754936,0.0043104897127683
2451759,-1.3563135729129e-05,2.9376874538551e-06,1.2737015259492e-06,-9.0238511823713e-08,-3.9174149070762e-08,-1.698332491743e-08,0.65627783361762,-0.71088211809529,-0.30820443955307,0.012837278507678,0.010144861325678,0.0043982012966875
2451760,-1.3653093827492e-05,2.8982129685298e-06,1.2565879895984e-06,-8.9675842046085e-08,-3.9773413825483e-08,-1.7243137466998e-08,0.66902174849103,-0.70063725984341,-0.30376288437253,0.012649937660943,0.010344386466412,0.0044847058593347
2451761,-1.3742483751291e-05,2.8581434699056e-06,1.2392164838727e-06,-8.9102186725957e-08,-4.0364147655109e-08,-1.7499251521954e-08,0.68157648970015,-0.69019429197261,-0.29923543831418,0.012458939178921,0.01054107123648,0.0045699790085669
2451762,-1.383129458756e-05,2.8174875726478e-06,1.2215907435724e-06,-8.8517691501668e-08,-4.0946183383177e-08,-1.7751594602639e-08,0.69393842377323,-0.67955608273481,-0.29462334487939,0.012264331551882,0.010734859974496,0.004653996612289
2451763,-1.3919515570436e-05,2.7762540576804e-06,1.2037145755796e-06,-8.7922504944051e-08,-4.1519355674962e-08,-1.8000095027857e-08,0.70610396621746,-0.66872555573779,-0.28992787156919,0.01206616424647,0.010925697632279,0.0047367348042539
2451764,-1.4007136084085e-05,2.7344518703245e-06,1.1855918580512e-06,-8.7316778538409e-08,-4.2083501077842e-08,-1.8244681932376e-08,0.71806958249237,-0.65770568932535,-0.2851503096155,0.011864487699703,0.011113529788295,0.0048181699898899
2451765,-1.4094145665611e-05,2.6920901183959e-06,1.1672265395938e-06,-8.6700666665945e-08,-4.2638458061867e-08,-1.8485285284518e-08,0.72983178897711,-0.64649951594385,-0.28029197370656,0.011659353312785,0.011298302661164,0.0048982788521561
2451766,-1.4180534007936e-05,2.649178070262e-06,1.1486226384217e-06,-8.6074326584633e-08,-4.3184067060515e-08,-1.8721835903823e-08,0.7413871539315,-0.6351101214953,-0.2753542017064,0.011450813444745,0.011479963123227,0.0049770383574259
2451767,-1.4266290962672e-05,2.605725152858e-06,1.1297842414968e-06,-8.5437918409516e-08,-4.3720170511634e-08,-1.8954265478807e-08,0.75273229845059,-0.62354064467685,-0.27033835436853,0.011238921405869,0.011658458714181,0.0050544257613971
2451768,-1.4351406542965e-05,2.561740949662e-06,1.1107155036502e-06,-8.4791605092412e-08,-4.4246612898573e-08,-1.918250658479e-08,0.7638638974125,-0.61179427630655,-0.26524581504361,0.01102373145095,0.011833737654774,0.0051304186150293
2451769,-1.4435870926323e-05,2.5172351986287e-06,1.0914206466871e-06,-8.4135552400997e-08,-4.4763240791502e-08,-1.940649270181e-08,0.77477868041953,-0.59987425863547,-0.26007798938126,0.010805298772318,0.012005748860558,0.0052049947705077
2451770,-1.4519674457422e-05,2.4722177900818e-06,1.0719039584727e-06,-8.3469928897257e-08,-4.5269902888899e-08,-1.9626158232611e-08,0.78547343273208,-0.58778388464596,-0.25483630502577,0.010583679492671,0.012174441955707,0.0052781323872324
2451771,-1.4602807650885e-05,2.4266987645654e-06,1.0521697920007e-06,-8.2794905915283e-08,-4.5766450059221e-08,-1.984143852071e-08,0.7959449961954,-0.57552649733609,-0.24952221130593,0.010358930657677,0.012339767286888,0.0053498099378338
2451772,-1.4685261194049e-05,2.3806883106524e-06,1.0322225644432e-06,-8.2110657538397e-08,-4.625273538274e-08,-2.0052269868534e-08,0.80619027015867,-0.56310548899025,-0.24413717891877,0.01013111022836,0.012501675937192,0.0054200062142111
2451773,-1.4767025949696e-05,2.3341967627121e-06,1.0120667561829e-06,-8.1417360575571e-08,-4.6728614193542e-08,-2.0258589555627e-08,0.81620621238656,-0.55052430043567,-0.23868269960727,0.0099002770732507,0.012660119740118,0.0054887003335951
2451774,-1.4848092958771e-05,2.2872345986353e-06,9.9170690982676e-07,-8.071519453714e-08,-4.7193944121683e-08,-2.0460335856931e-08,0.82598983996264,-0.53778642028505,-0.23316028583197,0.0096664909602974,0.012815051293607,0.0055558717446334
2451775,-1.4928453443072e-05,2.2398124375171e-06,9.7114762920146e-07,-8.0004341609777e-08,-4.7648585135487e-08,-2.065744806112e-08,0.83553823018468,-0.52489538416507,-0.2275714704365,0.0094298125485342,0.012966423974125,0.0056215002334963
2451776,-1.5008098807906e-05,2.1919410372976e-06,9.5039357833049e-07,-7.9284986630704e-08,-4.8092399583991e-08,-2.0849866489006e-08,0.84484852145147,-0.51185477393076,-0.22191780630703,0.0091903033794965,0.0131141919508,0.0056855659300038
2451777,-1.5087020644737e-05,2.1436312923594e-06,9.2944948039278e-07,-7.8557317061136e-08,-4.8525252239516e-08,-2.1037532511991e-08,0.85391791414091,-0.49866821686582,-0.21620086602552,0.0089480258683768,0.013258310199587,0.0057480493137702
2451778,-1.5165210733786e-05,2.0948942310838e-06,9.0832011666283e-07,-7.7821522958918e-08,-4.8947010340354e-08,-2.1220388570578e-08,0.86274367147911,-0.48533938486865,-0.21042224151682,0.0087030432949158,0.013398734517491,0.0058089312203669
2451779,-1.5242661046622e-05,2.0457410133628e-06,8.8701032543238e-07,-7.7077796950348e-08,-4.9357543633575e-08,-2.1398378192928e-08,0.87132312040033,-0.47187199362418,-0.20458354368971,0.0084554197940205,0.013535421536809,0.0058681928475004
2451780,-1.531936374871e-05,1.996182928069e-06,8.6552500091342e-07,-7.6326334201161e-08,-4.9756724417915e-08,-2.1571446013456e-08,0.8796536523973,-0.45826980176145,-0.19868640207156,0.0082052203461031,0.013668328739421,0.0059258157612047
2451781,-1.5395311201941e-05,1.9462313904826e-06,8.4386909212263e-07,-7.5567332386651e-08,-5.0144427586762e-08,-2.1739537791465e-08,0.88773272436177,-0.44453660999688,-0.19273246443701,0.0079525107671331,0.013797414471091,0.0059817819020451
2451782,-1.547049596712e-05,1.8958979396751e-06,8.2204760174717e-07,-7.4800991660915e-08,-5.052053067121e-08,-2.1902600429814e-08,0.895557859415,-0.43067626026318,-0.18672339643024,0.0076973576983973,0.013922637955808,0.0060360735913336
2451783,-1.5544910806434e-05,1.8451942358503e-06,8.0006558499178e-07,-7.4027514625196e-08,-5.0884913883162e-08,-2.2060581993604e-08,0.9031266477278,-0.41669263482401,-0.18066088118117,0.0074398285959593,0.01404395931014,0.006088673537351
2451784,-1.5618548685882e-05,1.7941320576414e-06,7.7792814840719e-07,-7.3247106295305e-08,-5.1237460158488e-08,-2.221343172889e-08,0.91043674732993,-0.40258965537417,-0.17454661891537,0.0071799917198135,0.014161339557593,0.0061395648415763
2451785,-1.569140277767e-05,1.7427232993659e-06,7.5564044869979e-07,-7.2459974068108e-08,-5.1578055200196e-08,-2.2361100081398e-08,0.91748588490848,-0.3883712821255,-0.1683823265577,0.0069179161227253,0.014274740642998,0.0061887310049191
2451786,-1.5763466462579e-05,1.6909799682369e-06,7.332076915226e-07,-7.1666327687044e-08,-5.1906587521621e-08,-2.2503538715252e-08,0.92427185659492,-0.37404151287836,-0.16216973732983,0.0066536716387521,0.014384125446879,0.0062361559339535
2451787,-1.5834733332291e-05,1.6389141815307e-06,7.1063513024752e-07,-7.0866379206672e-08,-5.2222948489603e-08,-2.2640700531686e-08,0.93079252874052,-0.35960438207874,-0.15591060034142,0.0063873288714387,0.014489457799836,0.006281823947151
2451788,-1.5905197191684e-05,1.5865381637122e-06,6.8792806471888e-07,-7.0060342956218e-08,-5.2527032367636e-08,-2.2772539687761e-08,0.93704583867977,-0.34506395986101,-0.14960668017511,0.0061189591816797,0.014590702496911,0.0063257197811089
2451789,-1.5974852061085e-05,1.5338642435165e-06,6.6509183998824e-07,-6.9248435502107e-08,-5.2818736358972e-08,-2.2899011615048e-08,0.94302979548159,-0.3304243510763,-0.14325975646528,0.0058486346752441,0.014687825311936,0.0063678285967732
2451790,-1.6043692178493e-05,1.4809048509876e-06,6.4213184503054e-07,-6.843087560945e-08,-5.309796064966e-08,-2.3020073038285e-08,0.94874248068775,-0.31568969430654,-0.13687162347061,0.0055764281899547,0.014780793011866,0.0064081359856504
2451791,-1.6111712001752e-05,1.4276725144743e-06,6.1905351144167e-07,-6.7607884202494e-08,-5.3364608451497e-08,-2.3135681994006e-08,0.9541820490384,-0.30086416086417,-0.13044408964041,0.0053024132825173,0.014869573371079,0.0064466279760077
2451792,-1.6178906210695e-05,1.3741798575826e-06,5.9586231211732e-07,-6.6779684323987e-08,-5.3618586044865e-08,-2.3245797849105e-08,0.95934672918421,-0.28595195377761,-0.12397897717476,0.0050266642149929,0.014954135185637,0.0064832910390572
2451793,-1.6245269709239e-05,1.3204395960863e-06,5.725637599134e-07,-6.5946501093464e-08,-5.3859802821445e-08,-2.3350381319361e-08,0.96423482438484,-0.27095730676245,-0.11747812157849,0.004749255940908,0.01503444828751,0.0065181120951209
2451794,-1.631079762744e-05,1.2664645347938e-06,5.491634062879e-07,-6.5108561664422e-08,-5.4088171326764e-08,-2.3449394487879e-08,0.96884471319325,-0.25588448317844,-0.110943371209,0.0044702640909976,0.015110483558738,0.0065510785197729
2451795,-1.6375485323508e-05,1.2122675643738e-06,5.2566683992441e-07,-6.4266095180384e-08,-5.4303607302568e-08,-2.3542800823467e-08,0.9731748501257,-0.24073777497238,-0.10437658681791,0.0041897649585745,0.015182212945545,0.0065821781499561
2451796,-1.6439328385773e-05,1.1578616581373e-06,5.020796853372e-07,-6.3419332729816e-08,-5.450602972899e-08,-2.3630565198913e-08,0.97722376631677,-0.22552150160691,-0.097779641086706,0.0039078354845208,0.015249609472375,0.0066113992900687
2451797,-1.6502322634604e-05,1.1032598687785e-06,4.784076014582e-07,-6.2568507299902e-08,-5.4695360866483e-08,-2.3712653909167e-08,0.98099007015934,-0.21024000897528,-0.091154418156216,0.0036245532418962,0.015312647255852,0.0066387307180178
2451798,-1.6564464124289e-05,1.0484753250737e-06,4.5465628020579e-07,-6.1713853729149e-08,-5.4871526297494e-08,-2.3789034689409e-08,0.98447244792888,-0.19489766830224,-0.084502813150096,0.0033399964201584,0.01537130151866,0.0066641616912346
2451799,-1.6625749144861e-05,9.9352122853849e-07,4.3083144503556e-07,-6.0855608658818e-08,-5.5034454967851e-08,-2.3859676732993e-08,0.98766966439177,-0.1794988750311,-0.077826731692318,0.0030542438089915,0.015425548603319,0.0066876819526493
2451800,-1.6686174223873e-05,9.3841085004371e-07,4.0693884947323e-07,-5.9994010483156e-08,-5.5184079227835e-08,-2.3924550709252e-08,0.99058056339732,-0.16404804769701,-0.071128089418701,0.0027673747817373,0.015475365985862,0.0067092817366198
2451801,-1.6745736128127e-05,8.831575263908e-07,3.8298427562984e-07,-5.9129299298439e-08,-5.5320334872911e-08,-2.3983628781159e-08,0.99320406845296,-0.14854962678668,-0.064408811482542,0.0024794692784262,0.015520732289395,0.0067289517748101
2451802,-1.6804431865353e-05,8.2777465684632e-07,3.5897353269933e-07,-5.8261716850785e-08,-5.544316118407e-08,-2.4036884622817e-08,0.99553918328226,-0.13300807358458,-0.057670832054391,0.0021906077884045,0.015561627297531,0.0067466833020159
2451803,-1.6862258685828e-05,7.7227569963636e-07,3.3491245543876e-07,-5.739150648275e-08,-5.5552500967783e-08,-2.4084293436782e-08,0.99758499236541,-0.11742786900576,-0.050916093816032,0.0019008713325525,0.015598031967689,0.00676246806193
2451804,-1.6919214083948e-05,7.1667416840137e-07,3.1080690263127e-07,-5.6518913078695e-08,-5.56483005955e-08,-2.4125831971184e-08,0.99934066146168,-0.10181351241545,-0.044146547448728,0.0016103414450934,0.01562992844425,0.0067762983128452
2451805,-1.697529579974e-05,6.6098362861153e-07,2.8666275553199e-07,-5.5644183008898e-08,-5.5730510042686e-08,-2.4161478536657e-08,1.0008054381135,-0.086169520435635,-0.037364151115799,0.0013191001549872,0.015657300071548,0.0067881668332892
2451806,-1.7030501820321e-05,6.0521769394352e-07,2.6248591629723e-07,-5.4767564072427e-08,-5.5799082927354e-08,-2.4191213023043e-08,1.0019786521317,-0.070500425738592,-0.030570869939599,0.0010272299669092,0.015680131406707,0.0067980669275863
2451807,-1.7084830381299e-05,5.4939002261883e-07,2.3828230639697e-07,-5.3889305438753e-08,-5.5853976548052e-08,-2.4215016915857e-08,1.0028597160617,-0.054810775827825,-0.02376867547297,0.00073481384180956,0.015698408232282,0.0068059924313414
2451808,-1.7138279968109e-05,4.9351431370456e-07,2.1405786501106e-07,-5.3009657588096e-08,-5.5895151921285e-08,-2.423287331252e-08,1.0034481256295,-0.039105131806362,-0.016959545165256,0.00044193517705307,0.015712117568722,0.0068119377168418
2451809,-1.7190849317297e-05,4.3760430337693e-07,1.8981854740931e-07,-5.2128872250512e-08,-5.5922573818322e-08,-2.4244766938309e-08,1.0037434601684,-0.023388067132721,-0.010145461822954,0.0001486777861371,0.015721247686624,0.0068158976983703
2451810,-1.7242537417739e-05,3.8167376114844e-07,1.655703233158e-07,-5.1247202343708e-08,-5.5936210801359e-08,-2.4250684162042e-08,1.0037453830246,-0.0076641663647203,-0.0033284130651017,-0.00014487412201329,0.015725788118776,0.0068178678374261
2451811,-1.7293343511796e-05,3.257364860591e-07,1.4131917525758e-07,-5.0364901909581e-08,-5.5936035259008e-08,-2.4250613011458e-08,1.0034536419423,0.0080619761086335,0.0034896092265094,-0.00043863596417356,0.015725729671967,0.0068178441478464
2451812,-1.7343267096406e-05,2.6980630283259e-07,1.1707109689823e-07,-4.9482226049488e-08,-5.5922023441055e-08,-2.4244543188294e-08,1.0028680694269,0.023785757346961,0.010306609462189,-0.00073252280437171,0.015721064438568,0.0068158232008249
2451813,-1.739230792411e-05,2.1389705799801e-07,9.2832091356403e-08,-4.8599430858247e-08,-5.5894155492469e-08,-2.4232466083023e-08,1.0019885830871,0.039502567149769,0.01712058890417,-0.0010264493758639,0.015711785807846,0.0068118021298211
2451814,-1.7440466004013e-05,1.5802261597803e-07,6.8608169509926e-08,-4.7716773356858e-08,-5.5852415486618e-08,-2.4214374789259e-08,1.0008151859544,0.055207789358903,0.02392954623128,-0.0013203301035333,0.015697888477032,0.0068057786353543
2451815,-1.7487741602676e-05,1.0219685514422e-07,4.4405348285562e-08,-4.6834511423967e-08,-5.5796791457644e-08,-2.4190264117794e-08,0.99934796678013,0.070896803171921,0.030731478108346,-0.0016140791267107,0.015679368462094,0.0067977509896778
2451816,-1.7534135244937e-05,4.6433663840468e-08,2.022964893499e-08,-4.5952903726057e-08,-5.5727275431971e-08,-2.4160130610255e-08,0.99758710030943,0.086564984466104,0.03752437976022,-0.0019076103224162,0.015656223108231,0.0067877180413269
2451817,-1.7579647714667e-05,-9.2530636246975e-09,-3.9129047027001e-09,-4.5072209646385e-08,-5.5643863458894e-08,-2.4123972552369e-08,0.99553284753167,0.1022077071328,0.044306245550272,-0.0022008373290195,0.015628451100056,0.006775679219535
2451818,-1.7624280055447e-05,-6.4849431015871e-08,-2.801628795157e-08,-4.4192689212673e-08,-5.5546555640226e-08,-2.4081789986817e-08,0.99318555590719,0.11782034442182,0.051075069563246,-0.0024936735703166,0.015596052471468,0.0067616345385122
2451819,-1.7668033571178e-05,-1.2034154423769e-07,-5.2074477062029e-08,-4.3314603023549e-08,-5.5435356158937e-08,-2.4033584725649e-08,0.99054565956964,0.13339827029547,0.057828846192313,-0.0027860322800203,0.015559028615186,0.0067455846015805
2451820,-1.7710909826614e-05,-1.757155154299e-07,-7.6081450986231e-08,-4.243821217376e-08,-5.531027330677e-08,-2.3979360362258e-08,0.98761367950363,0.14893686079206,0.064565570730187,-0.0030778265266605,0.015517382291945,0.0067275306051598
2451821,-1.7752910647819e-05,-2.3095746708947e-07,-1.0003119316521e-07,-4.1563778178162e-08,-5.5171319510777e-08,-2.3919122282886e-08,0.98439022369729,0.16443149539834,0.071283239964156,-0.0033689692388912,0.015471117639331,0.0067074743425987
2451822,-1.7794038122552e-05,-2.8605353621872e-07,-1.2391769332726e-07,-4.0691562894509e-08,-5.5018511358738e-08,-2.3852877677642e-08,0.98087598726937,0.17987755843059,0.077979852774856,-0.0036593732311999,0.015420240180244,0.0066854182078438
2451823,-1.7834294600566e-05,-3.4098987849827e-07,-1.4773494929717e-07,-3.9821828445038e-08,-5.4851869623426e-08,-2.3780635551027e-08,0.97707175257034,0.19527044042406,0.084653410738636,-0.0039489512300132,0.015364756830976,0.0066613651989421
2451824,-1.7873682693837e-05,-3.9575267248367e-07,-1.7147696881555e-07,-3.8954837136888e-08,-5.4671419285666e-08,-2.3702406731927e-08,0.97297838925724,0.21060553953017,0.091301918733334,-0.0042376159001953,0.01530467590889,0.0066353189213705
2451825,-1.7912205276708e-05,-4.5032812382447e-07,-1.9513777136811e-07,-3.8090851381355e-08,-5.447718955616e-08,-2.3618203883078e-08,0.96859685434185,0.22587826292133,0.097923385547304,-0.0045252798719314,0.015240007139687,0.0066072835911856
2451826,-1.7949865485948e-05,-5.0470246950447e-07,-2.1871139002392e-07,-3.7230133612008e-08,-5.4269213896022e-08,-2.3528041509969e-08,0.96392819221176,0.24108402820263,0.10451582449149,-0.0048118557679907,0.015170761664242,0.0065772640379887
2451827,-1.798666672074e-05,-5.5886198210185e-07,-2.4219187328242e-07,-3.6372946201687e-08,-5.4047530035994e-08,-2.3431935969175e-08,0.958973534624,0.25621826483035,0.11107725401436,-0.0050972562313618,0.015096952045002,0.0065452657076994
2451828,-1.8022612642571e-05,-6.1279297406784e-07,-2.6557328692843e-07,-3.5519551378408e-08,-5.3812179994297e-08,-2.3329905476091e-08,0.95373410067086,0.27127641553649,0.11760569831956,-0.0053813939532527,0.015018592271927,0.0065112946651322
2451829,-1.8057707175051e-05,-6.6648180202255e-07,-2.8884971589456e-07,-3.4670211140196e-08,-5.3563210093064e-08,-2.3221970112066e-08,0.94821119671748,0.28625393775905,0.124099187986,-0.0056641817014471,0.01493569776797,0.0064753575963698
2451830,-1.8091954503636e-05,-7.1991487106648e-07,-3.1201526613047e-07,-3.3825187168874e-08,-5.3300670973341e-08,-2.3108151830898e-08,0.94240621631101,0.3011463050776,0.13055576059019,-0.0059455323490082,0.01484828539406,0.0064374618109274
2451831,-1.8125359075268e-05,-7.7307863910632e-07,-3.3506406647834e-07,-3.2984740742833e-08,-5.3024617608582e-08,-2.2988474464692e-08,0.93632064006081,0.31594900865351,0.13697346133072,-0.0062253589033214,0.014756373453603,0.006397615243702
2451832,-1.8157925597932e-05,-8.2595962119348e-07,-3.5799027055376e-07,-3.2149132648819e-08,-5.2735109316625e-08,-2.286296372905e-08,0.92995603548945,0.33065755867448,0.14335034365449,-0.0065035745354651,0.014659981696469,0.0063558264567005
2451833,-1.8189659040114e-05,-8.7854439387378e-07,-3.8078805863162e-07,-3.1318623092767e-08,-5.2432209770092e-08,-2.273164722758e-08,0.92331405685424,0.34526748580278,0.14968446988458,-0.0067800926098994,0.01455913132245,0.0063121046405415
2451834,-1.8220564630179e-05,-9.3081959954681e-07,-4.0345163953601e-07,-3.0493471609707e-08,-5.2115987005182e-08,-2.2594554455708e-08,0.91639644493884,0.35977434262666,0.15597391184955,-0.0070548267144618,0.014453844984191,0.0062664596157243
2451835,-1.8250647855655e-05,-9.8277195083318e-07,-4.2597525253368e-07,-2.9673936972786e-08,-5.1786513428811e-08,-2.2451716803776e-08,0.90920502681478,0.37417370511448,0.16221675151385,-0.0073276906906582,0.014344146789569,0.0062189018336602
2451836,-1.8279914462423e-05,-1.0343882349481e-06,-4.483531692302e-07,-2.8860277101446e-08,-5.1443865824063e-08,-2.2303167559407e-08,0.90174171557251,0.38846117407086,0.16841108160911,-0.0075985986642366,0.014230062303504,0.0061694423774596
2451837,-1.8308370453816e-05,-1.0856553180797e-06,-4.7057969546811e-07,-2.8052748968779e-08,-5.108812535392e-08,-2.2148941909116e-08,0.89400851002179,0.40263237659439,0.17455500626617,-0.007867465076031,0.014111618549203,0.0061180929624699
2451838,-1.8336022089631e-05,-1.1365601497696e-06,-4.9264917322631e-07,-2.7251608508123e-08,-5.0719377563222e-08,-2.198907693917e-08,0.88600749436104,0.41668296753634,0.18064664164746,-0.0081342047130619,0.01398884400881,0.0060648659365593
2451839,-1.8362875885039e-05,-1.1870897672958e-06,-5.1455598251987e-07,-2.6457110518921e-08,-5.0337712378828e-08,-2.182361163565e-08,0.87774083781552,0.43060863095961,0.18668411657956,-0.0083987327398801,0.013861768623466,0.0060097742801397
2451840,-1.8388938609402e-05,-1.2372313000532e-06,-5.3629454329961e-07,-2.56695085719e-08,-4.9943224107938e-08,-2.1652586883728e-08,0.86921079424403,0.44440508159755,0.19266557318565,-0.0086609647301372,0.013730423792743,0.0059528316059254
2451841,-1.8414217285e-05,-1.2869719739328e-06,-5.5785931735046e-07,-2.4889054913605e-08,-4.9536011434551e-08,-2.147604546613e-08,0.86041970171393,0.45806806631181,0.19858916751756,-0.0089208166983707,0.013594842373469,0.005894052158421
2451842,-1.8438719185657e-05,-1.3362991156957e-06,-5.7924481018788e-07,-2.411600037035e-08,-4.9116177414006e-08,-2.1294032060774e-08,0.85136998204429,0.47159336554881,0.20445307018722,-0.0091782051319847,0.013455058677909,0.0058334508131342
2451843,-1.8462451835274e-05,-1.3852001573412e-06,-6.0044557295157e-07,-2.3350594251612e-08,-4.868382946559e-08,-2.1106593237561e-08,0.84206414031693,0.4849767947939,0.21025546699713,-0.0094330470234129,0.013311108471303,0.0057710430755093
2451844,-1.8485423006261e-05,-1.4336626404659e-06,-6.2145620429546e-07,-2.259308425295e-08,-4.8239079363179e-08,-2.0913777454319e-08,0.83250476435528,0.49821420602292,0.21599455956965,-0.0096852599024444,0.013163028968753,0.0057068450795752
2451845,-1.8507640717878e-05,-1.481674220613e-06,-6.4227135227324e-07,-2.1843716358463e-08,-4.7782043223867e-08,-2.0715635051875e-08,0.82269452417077,0.5113014891502,0.22166856597478,-0.0099347618686968,0.013010858831434,0.0056408735863054
2451846,-1.852911323447e-05,-1.5292226716087e-06,-6.6288571621856e-07,-2.1102734742882e-08,-4.7312841494573e-08,-2.0512218248249e-08,0.81263617137671,0.52423457347243,0.22727572135618,-0.010181471624218,0.012854638162135,0.0055731459816843
2451847,-1.8549849063614e-05,-1.5762958898851e-06,-6.8329404861892e-07,-2.0370381673317e-08,-4.6831598936582e-08,-2.0303581131951e-08,0.80233253856953,0.53700942910778,0.2328142785551,-0.010425308506198,0.012694408500114,0.0055036802744763
2451848,-1.8569856954156e-05,-1.6228818987851e-06,-7.0349115698246e-07,-1.9646897410735e-08,-4.6338444608006e-08,-2.0089779654379e-08,0.79178653867725,0.54962206842953,0.23828250873188,-0.010666192519771,0.012530212815256,0.0054324950936934
2451849,-1.8589145894162e-05,-1.6689688528502e-06,-7.2347190569664e-07,-1.893252011122e-08,-4.5833511844126e-08,-1.9870871621296e-08,0.78100116427504,0.56206854749345,0.24367870198483,-0.010904044370893,0.01236209550153,0.0053596096857589
2451850,-1.8607725108759e-05,-1.7145450420869e-06,-7.4323121787798e-07,-1.8227485727085e-08,-4.5316938235601e-08,-1.9646916683384e-08,0.76997948686805,0.57434496745832,0.24900116796611,-0.011138785499265,0.012190102369733,0.0052850439113612
2451851,-1.8625604057882e-05,-1.75959889621e-06,-7.6276407721182e-07,-1.7532027907878e-08,-4.4788865604521e-08,-1.9417976325859e-08,0.75872465614106,0.58644747599884,0.25424823649423,-0.011370338111292,0.012014280639515,0.0052088182419976
2451852,-1.8642792433925e-05,-1.8041189888613e-06,-7.8206552978134e-07,-1.684637790137e-08,-4.4249439978275e-08,-1.9184113857149e-08,0.74723989917541,0.59837226871021,0.2594182581631,-0.011598625213052,0.011834678930681,0.0051309537562023
2451853,-1.8659300159287e-05,-1.848094041801e-06,-8.0113068588467e-07,-1.6170764454564e-08,-4.3698811561223e-08,-1.8945394396608e-08,0.73552851963277,0.61011559050359,0.26450960494695,-0.011823570643254,0.011651347253757,0.0050514721354577
2451854,-1.8675137383821e-05,-1.8915129290696e-06,-8.1995472183927e-07,-1.5505413714808e-08,-4.3137134704157e-08,-1.8701884861275e-08,0.72359389690605,0.62167373699183,0.26952067080116,-0.01204509910616,0.011464336999825,0.0049703956597855
2451855,-1.8690314482188e-05,-1.9343646811179e-06,-8.385328817726e-07,-1.4850549131078e-08,-4.2564567871519e-08,-1.8453653951666e-08,0.71143948523744,0.63304305586464,0.27444987225844,-0.012263136204455,0.011273700929605,0.004887747203016
2451856,-1.8704842051108e-05,-1.9766384889034e-06,-8.568604793981e-07,-1.4206391355482e-08,-4.1981273606385e-08,-1.8200772136593e-08,0.69906881280357,0.6442199482524,0.27929564902014,-0.012477608472043,0.011079493161798,0.0048035502277325
2451857,-1.8718730906512e-05,-2.0183237079507e-06,-8.7493289977546e-07,-1.3573158145074e-08,-4.1387418493182e-08,-1.7943311636997e-08,0.68648548076793,0.65520087007809,0.28405646454235,-0.012688443406733,0.010881769160672,0.0047178287798909
2451858,-1.8731992080601e-05,-2.0594098623732e-06,-8.927456010543e-07,-1.295106426404e-08,-4.0783173118145e-08,-1.768134640881e-08,0.67369316230065,0.66598233339626,0.28873080661643,-0.012895569502812,0.010680585722898,0.004630607483111
2451859,-1.8744636818803e-05,-2.0998866488539e-06,-9.1029411620013e-07,-1.2340321386319e-08,-4.0168712027495e-08,-1.741495212482e-08,0.66069560156584,0.67656090771855,0.29331718794369,-0.013098916283462,0.010476000963622,0.00454191153264
2451860,-1.8756676576635e-05,-2.1397439405838e-06,-9.2757405470176e-07,-1.1741137998747e-08,-3.9544213683335e-08,-1.7144206155551e-08,0.64749661267654,0.68693322132494,0.29781414670386,-0.013298414333011,0.010268074301784,0.0044517666889863
2451861,-1.8768123016465e-05,-2.1789717911548e-06,-9.4458110425905e-07,-1.115371930478e-08,-3.8909860417266e-08,-1.6869187549154e-08,0.6341000786175,0.69709596255979,0.30222024711704,-0.01349399532899,0.010056866444672,0.0043601992712242
2451862,-1.8778988004185e-05,-2.2175604384048e-06,-9.6131103245008e-07,-1.0578267128881e-08,-3.8265838381707e-08,-1.6589977010305e-08,0.62050995013608,0.70704588111225,0.30653407999876,-0.013685592073963,0.0098424393717161,0.0042672361499673
2451863,-1.8789283605782e-05,-2.2555003082136e-06,-9.777596883767e-07,-1.0014979821639e-08,-3.7612337498944e-08,-1.6306656878112e-08,0.6067302446014,0.7167797892799,0.31075426330791,-0.013873138527121,0.0096248563175224,0.0041729047400134
2451864,-1.8799022083818e-05,-2.292782018246e-06,-9.939230042875e-07,-9.4640521656986e-09,-3.694955140788e-08,-1.601931110303e-08,0.59276504483197,0.72629456321517,0.31487944268706,-0.014056569835603,0.0094041817541444,0.0040772329926585
2451865,-1.8808215893813e-05,-2.3293963816409e-06,-1.0097969971772e-06,-8.9256752825648e-09,-3.6277677408516e-08,-1.5728025222796e-08,0.57861849789229,0.7355871441536,0.31890829199499,-0.014235822365522,0.0091804813725983,0.0039802493876833
2451866,-1.881687768054e-05,-2.365334410644e-06,-1.0253777703616e-06,-8.4000365403756e-09,-3.5596916404165e-08,-1.5432886337368e-08,0.56429481385842,0.74465453962324,0.32283951383106,-0.014410833732675,0.0089538220636218,0.0038819829250106
2451867,-1.8825020274227e-05,-2.4005873201807e-06,-1.0406615150266e-06,-7.8873194627017e-09,-3.4907472841395e-08,-1.5133983082898e-08,0.54979826455314,0.75349382463444,0.32667184005102,-0.014581542832907,0.0087242718976797,0.0037824631160378
2451868,-1.8832656686664e-05,-2.4351465313692e-06,-1.0556445117512e-06,-7.3877036384577e-09,-3.4209554647734e-08,-1.4831405604714e-08,0.53513318225083,0.76210214284925,0.33040403227402,-0.014747889872108,0.0084919001042215,0.0036817199746437
2451869,-1.8839800107226e-05,-2.4690036749684e-06,-1.0703231320028e-06,-6.9013646329975e-09,-3.3503373167132e-08,-1.4525245529352e-08,0.5203039583526,0.77047670772977,0.33403488238047,-0.014909816395809,0.008256777050195,0.0035797840078736
2451870,-1.8846463898805e-05,-2.502150594762e-06,-1.0846938396037e-06,-6.4284739004711e-09,-3.2789143093216e-08,-1.4215595935607e-08,0.50531504203205,0.77861480366455,0.33756321300038,-0.015067265318369,0.0080189742178216,0.003476686206304
2451871,-1.8852661593656e-05,-2.5345793508733e-06,-1.098753192169e-06,-5.9691986975174e-09,-3.206708240034e-08,-1.3902551324652e-08,0.49017093885201,0.78651378707245,0.34098787799201,-0.015220180951706,0.007778564181641,0.0033724580340902
2451872,-1.8858406889156e-05,-2.566282223011e-06,-1.1124978425131e-06,-5.5237019983695e-09,-3.1337412272462e-08,-1.3586207589195e-08,0.4748762093528,0.79417108748322,0.34430776291026,-0.015368509033565,0.0075356205848302,0.0032671314187003
2451873,-1.8863713643479e-05,-2.597251713642e-06,-1.1259245400258e-06,-5.0921424114459e-09,-3.0600357029872e-08,-1.3266661981716e-08,0.45943546761251,0.80158420859396,0.34752178546479,-0.01551219675529,0.0072902181148072,0.0031607387403377
2451874,-1.8868595871194e-05,-2.6274805510903e-06,-1.1390301320156e-06,-4.6746740975048e-09,-2.9856144053791e-08,-1.2944013081778e-08,0.44385337977969,0.80875072930086,0.35062889596729,-0.015651192789071,0.0070424324781273,0.0030533128210582
2451875,-1.8873067738769e-05,-2.6569616925593e-06,-1.1518115650203e-06,-4.2714466894332e-09,-2.9105003708879e-08,-1.2618360762429e-08,0.42813466257914,0.81566830470554,0.35362807776779,-0.015785447314653,0.0067923403746815,0.0029448869135835
2451876,-1.8877143560012e-05,-2.685688327076e-06,-1.1642658860831e-06,-3.8826052137467e-09,-2.834716926368e-08,-1.2289806155714e-08,0.41228408179123,0.82233466709515,0.35651834767961,-0.015914912045472,0.006540019471208,0.0028354946898177
2451877,-1.8880837791418e-05,-2.7136538783537e-06,-1.1763902439938e-06,-3.5082900138703e-09,-2.7582876809033e-08,-1.1958451617302e-08,0.39630645070534,0.82874762689573,0.35929875639265,-0.016039540254199,0.0062855483741284,0.0027251702290705
2451878,-1.8884165027457e-05,-2.7408520075731e-06,-1.188181890495e-06,-3.1486366752746e-09,-2.6812365174495e-08,-1.162440069025e-08,0.38020662854821,0.83490507359798,0.36196838887483,-0.016159286797665,0.0060290066017201,0.0026139480059926
2451879,-1.8887139995773e-05,-2.7672766160781e-06,-1.1996381814504e-06,-2.8037759525368e-09,-2.6035875842808e-08,-1.1287758067922e-08,0.36398951888747,0.84080497665501,0.36452636476124,-0.016274108141145,0.0057704745556379,0.0025018628782295
2451880,-1.8889777552319e-05,-2.7929218479858e-06,-1.2107565779764e-06,-2.4738336983977e-09,-2.5253652862454e-08,-1.0948629556081e-08,0.34766006801141,0.84644538635114,0.36697183873088,-0.016383962381984,0.0055100334917998,0.002388950073799
2451881,-1.8892092676422e-05,-2.8177820927074e-06,-1.2215346475356e-06,-2.1589307948818e-09,-2.4465942758342e-08,-1.0607122034162e-08,0.33122326328534,0.85182443464139,0.36930400087059,-0.016488809272522,0.00524776549065,0.0022752451781988
2451882,-1.8894100465778e-05,-2.8418519873792e-06,-1.23197006499e-06,-1.8591830865507e-09,-2.3672994440673e-08,-1.0263343415766e-08,0.31468413148546,0.85694033596085,0.37152207702597,-0.016588610242324,0.0049837534268154,0.0021607841212516
2451883,-1.8895816131379e-05,-2.8651264192019e-06,-1.2420606136158e-06,-1.5747013159524e-09,-2.2875059112031e-08,-9.9174026083785e-09,0.2980477371108,0.86179138800349,0.37362532913903,-0.016683328419669,0.0047180809381711,0.0020456031636936
2451884,-1.8897254992387e-05,-2.8876005276855e-06,-1.2518041860766e-06,-1.3055910613355e-09,-2.2072390172749e-08,-9.5694094723402e-09,0.28131918067406,0.86637597246964,0.37561305557229,-0.016772928652292,0.0044508323943329,0.0019297388835147
2451885,-1.8898432470932e-05,-2.9092697067993e-06,-1.2611987853552e-06,-1.0519526766872e-09,-2.1265243124607e-08,-9.219474779098e-09,0.26450359697217,0.87069255578182,0.37748459141912,-0.01685737752734,0.0041820928645934,0.0018132281620571
2451886,-1.8899364086863e-05,-2.9301296070241e-06,-1.2702425256439e-06,-8.1388123415945e-10,-2.0453875472915e-08,-8.8677101687519e-09,0.24760615333714,0.87473968976809,0.3792393088,-0.016936643390551,0.0039119480853199,0.0016961081698809
2451887,-1.8900065452436e-05,-2.9501761373067e-06,-1.2789336331914e-06,-5.9146646894199e-10,-1.9638546627036e-08,-8.5142281069292e-09,0.23063204786829,0.87851601231263,0.38087661714463,-0.017010696364602,0.0036404844268343,0.0015784163524057
2451888,-1.8900552266952e-05,-2.9694054669131e-06,-1.2872704471066e-06,-3.8479272663948e-10,-1.8819517799415e-08,-8.159141841007e-09,0.21358650764645,0.88202024797296,0.38239596345948,-0.017079508366633,0.0033677888597941,0.0014601904153344
2451889,-1.8900840311343e-05,-2.9878140271806e-06,-1.2952514201183e-06,-1.9393891320938e-10,-1.7997051903167e-08,-7.8025653557134e-09,0.1964747869311,0.88525120856321,0.38379683258072,-0.017143053124913,0.0030939489210946,0.001341468309871
2451890,-1.8900945442707e-05,-3.005398513167e-06,-1.3028751192897e-06,-1.8978447513927e-11,-1.717141344829e-08,-7.4446133281322e-09,0.17930216534128,0.88820779370317,0.38507874741225,-0.017201306194638,0.0028190526793141,0.0012222882177392
2451891,-1.8900883588796e-05,-3.0221558851945e-06,-1.3101402266886e-06,1.4002078346232e-10,-1.6342868436579e-08,-7.0854010821411e-09,0.16207394602108,0.89088899133245,0.38624126914861,-0.017254244972844,0.0025431886997236,0.0011026885360127
2451892,-1.890067074247e-05,-3.0380833702891e-06,-1.3170455400106e-06,2.8299646667981e-10,-1.5511684255289e-08,-6.725044542311e-09,0.14479545379082,0.89329387818959,0.38728399748274,-0.017301848712411,0.002266446008883,0.00098270786176574
2451893,-1.8900322956094e-05,-3.0531784635117e-06,-1.3235899731572e-06,4.098919023494e-10,-1.4678129569629e-08,-6.3636601872983e-09,0.12747203328446,0.8954216202554,0.38820657079817,-0.01734409853515,0.0019889140588475,0.00086238497655555
2451894,-1.8899856335913e-05,-3.0674389291824e-06,-1.3297725567655e-06,5.2065604043118e-10,-1.3842474214159e-08,-6.0013650027584e-09,0.11010904707464,0.89727147316046,0.38900866634571,-0.017380977443954,0.0017106826910065,0.00074175883074448
2451895,-1.8899287036383e-05,-3.0808628019947e-06,-1.3355924386925e-06,6.152435142847e-10,-1.300498908315e-08,-5.6382764338135e-09,0.092711873785825,0.89884278255619,0.38969000040434,-0.017412470334006,0.0014318420995808,0.00062086852767438
2451896,-1.8898631254473e-05,-3.0934483880204e-06,-1.3410488844496e-06,6.9361467143106e-10,-1.2165946019991e-08,-5.2745123371064e-09,0.075285906196847,0.90013498444934,0.39025032842623,-0.017438564003016,0.0011524827948006,0.00049975330770272
2451897,-1.8897905223933e-05,-3.1051942656028e-06,-1.3461412775909e-06,7.5573560139001e-10,-1.1325617705723e-08,-4.9101909324713e-09,0.057836549333668,0.90114760549943,0.39068944516572,-0.017459247160493,0.00087269556579048,0.00037845253211164
2451898,-1.8897125209544e-05,-3.1160992861381e-06,-1.3508691200514e-06,8.0157816055798e-10,-1.0484277546753e-08,-4.5454307542572e-09,0.040369218553346,0.90188026327898,0.39100718479215,-0.017474510436028,0.00059257144318751,0.00025700566690089
2451899,-1.8896307501338e-05,-3.1261625747447e-06,-1.3552320324374e-06,8.3111999409553e-10,-9.64219956186e-09,-4.1803506023355e-09,0.02288933762023,0.90233266649625,0.3912034209864,-0.017484346386579,0.00031220166151618,0.00013545226647588
2451900,-1.8895468408799e-05,-3.1353835308187e-06,-1.3592297542672e-06,8.4434455479584e-10,-8.7996582685353e-09,-3.8150694928271e-09,0.0054023367753684,0.90250461518021,0.39127806702116,-0.017488749502754,3.1677621348518e-05,1.3831957242295e-05
2451901,-1.8894624255046e-05,-3.1437618284754e-06,-1.362862144163e-06,8.4124111890845e-10,-7.9569285687692e-09,-3.4497066085833e-09,-0.012086349199864,0.90239600082756,0.39123107582464,-0.017487716214083,-0.00024890914872515,-0.00010781557888138
2451902,-1.8893791371007e-05,-3.1512974168765e-06,-1.3661291799921e-06,8.2180479889552e-10,-7.114285634343e-09,-3.084381249455e-09,-0.029571282924893,0.90200680651173,0.39106244002783,-0.017481244893259,-0.0005294670302875,-0.00022945062102154
2451903,-1.8892986089575e-05,-3.1579905204424e-06,-1.3690309589597e-06,7.8603655310105e-10,-6.2720047917177e-09,-2.7192127823873e-09,-0.047047026364806,0.90133710695349,0.39077219199515,-0.017469335859365,-0.0008099043534206,-0.00035103342596566
2451904,-1.8892224739758e-05,-3.1638416389495e-06,-1.3715676976505e-06,7.3394319231606e-10,-5.4303614066e-09,-2.3543205913727e-09,-0.064508142777918,0.90038706855328,0.39036040383847,-0.017451991380051,-0.0010901294351397,-0.00047252424482526
2451905,-1.8891523640825e-05,-3.168851547511e-06,-1.3737397320209e-06,6.6553738322625e-10,-4.5896307682676e-09,-1.9898240273013e-09,-0.081949198665004,0.89915694938501,0.38982718741442,-0.017429215672689,-0.001370050617907,-0.00059388333973332
2451906,-1.8890899096452e-05,-3.1730212964431e-06,-1.3755475173406e-06,5.8083764873154e-10,-3.7500879737388e-09,-1.6258423577423e-09,-0.099364765719157,0.89764709915134,0.38917269430502,-0.017401014904478,-0.0016495763081975,-0.00071507100056445
2451907,-1.8890367388862e-05,-3.1763522110145e-06,-1.3769916280843e-06,4.7986836512989e-10,-2.9120078118687e-09,-1.2624947166948e-09,-0.11674942277524,0.89585795910035,0.38839711578157,-0.017367397191502,-0.0019286150150892,-0.00083604756166546
2451908,-1.8889944772981e-05,-3.1788458910805e-06,-1.3780727577731e-06,3.6265975616122e-10,-2.0756646474579e-09,-8.9990005434325e-10,-0.13409775775784,0.8937900619037,0.38750068275184,-0.017328372596755,-0.0022070753888488,-0.00095677341858426
2451909,-1.8889647470589e-05,-3.1805042106008e-06,-1.3787917187654e-06,2.2924788391007e-10,-1.2413323054568e-09,-5.3817708685431e-10,-0.15140436962681,0.89144403149608,0.38648366569046,-0.017283953127102,-0.0024848662594863,-0.0010772090447849
